-- MySQL dump 10.11
--
-- Host: localhost    Database: musical9_registration
-- ------------------------------------------------------
-- Server version	5.0.67-community-log

/*!40101 SET @OLD_CHARACTER_SET_CLIENT=@@CHARACTER_SET_CLIENT */;
/*!40101 SET @OLD_CHARACTER_SET_RESULTS=@@CHARACTER_SET_RESULTS */;
/*!40101 SET @OLD_COLLATION_CONNECTION=@@COLLATION_CONNECTION */;
/*!40101 SET NAMES utf8 */;
/*!40103 SET @OLD_TIME_ZONE=@@TIME_ZONE */;
/*!40103 SET TIME_ZONE='+00:00' */;
/*!40014 SET @OLD_UNIQUE_CHECKS=@@UNIQUE_CHECKS, UNIQUE_CHECKS=0 */;
/*!40014 SET @OLD_FOREIGN_KEY_CHECKS=@@FOREIGN_KEY_CHECKS, FOREIGN_KEY_CHECKS=0 */;
/*!40101 SET @OLD_SQL_MODE=@@SQL_MODE, SQL_MODE='NO_AUTO_VALUE_ON_ZERO' */;
/*!40111 SET @OLD_SQL_NOTES=@@SQL_NOTES, SQL_NOTES=0 */;

--
-- Current Database: `musical9_registration`
--

CREATE DATABASE /*!32312 IF NOT EXISTS*/ `musical9_registration` /*!40100 DEFAULT CHARACTER SET latin1 */;

USE `musical9_registration`;

--
-- Table structure for table `archive_entries`
--

DROP TABLE IF EXISTS `archive_entries`;
SET @saved_cs_client     = @@character_set_client;
SET character_set_client = utf8;
CREATE TABLE `archive_entries` (
  `id` int(11) NOT NULL auto_increment,
  `description` varchar(255) default NULL,
  `content_type` varchar(80) default NULL,
  `local_file_name` varchar(255) default NULL,
  `remote_file_name` varchar(255) default NULL,
  `user_id` int(11) default NULL,
  `created_at` datetime default NULL,
  PRIMARY KEY  (`id`),
  KEY `fk_archives_user_id` (`user_id`)
) ENGINE=MyISAM AUTO_INCREMENT=4 DEFAULT CHARSET=latin1;
SET character_set_client = @saved_cs_client;

--
-- Dumping data for table `archive_entries`
--

LOCK TABLES `archive_entries` WRITE;
/*!40000 ALTER TABLE `archive_entries` DISABLE KEYS */;
INSERT INTO `archive_entries` VALUES (1,'Rico!','image/pjpeg','IMG_0037_Sun_Sep_07_12_37_18.JPG','IMG_0037.JPG',1,'2008-09-07 12:37:18'),(2,'Gladys!','image/pjpeg','freakout60gladys3_Sun_Sep_07_13_03_49.jpg','freakout60gladys3.jpg',3,'2008-09-07 13:03:49'),(3,'A document','application/pdf','goldie_Sun_Sep_07_13_05_16.pdf','goldie.pdf',3,'2008-09-07 13:05:16');
/*!40000 ALTER TABLE `archive_entries` ENABLE KEYS */;
UNLOCK TABLES;

--
-- Table structure for table `cancellations`
--

DROP TABLE IF EXISTS `cancellations`;
SET @saved_cs_client     = @@character_set_client;
SET character_set_client = utf8;
CREATE TABLE `cancellations` (
  `id` int(11) NOT NULL auto_increment,
  `registration_id` int(11) NOT NULL,
  `year` varchar(4) NOT NULL,
  `user_id` int(11) NOT NULL,
  `first_name` varchar(255) default NULL,
  `last_name` varchar(255) default NULL,
  `street1` varchar(255) default NULL,
  `street2` varchar(255) default NULL,
  `city` varchar(255) default NULL,
  `state` varchar(255) default NULL,
  `zip` varchar(255) default NULL,
  `primaryphone` varchar(255) default NULL,
  `secondaryphone` varchar(255) default NULL,
  `emergency_contact_name` varchar(255) default NULL,
  `emergency_contact_phone` varchar(255) default NULL,
  `firsttime` tinyint(1) default '0',
  `mailinglist` tinyint(1) default '1',
  `donotpublish` tinyint(1) default '0',
  `dorm` tinyint(1) default '1',
  `share_housing_with` varchar(255) default NULL,
  `meals` tinyint(1) default '1',
  `vegetarian` tinyint(1) default '0',
  `gender` varchar(255) default 'F',
  `participant` tinyint(1) default '1',
  `instrument_id` int(11) default NULL,
  `monday` tinyint(1) default '0',
  `tshirtm` int(11) default '0',
  `tshirtl` int(11) default '0',
  `tshirtxl` int(11) default '0',
  `tshirtxxl` int(11) default '0',
  `discount` tinyint(1) default '0',
  `donation` int(11) NOT NULL default '0',
  `comments` text,
  `created_at` datetime default NULL,
  PRIMARY KEY  (`id`),
  KEY `fk_cancellations_user_id` (`user_id`),
  CONSTRAINT `fk_cancellations_user_id` FOREIGN KEY (`user_id`) REFERENCES `users` (`id`)
) ENGINE=InnoDB AUTO_INCREMENT=243 DEFAULT CHARSET=latin1;
SET character_set_client = @saved_cs_client;

--
-- Dumping data for table `cancellations`
--

LOCK TABLES `cancellations` WRITE;
/*!40000 ALTER TABLE `cancellations` DISABLE KEYS */;
INSERT INTO `cancellations` VALUES (225,195,'2008',281,'Olivia','Armstrong','1160 Shaws Flat Road','','Sonora','CA','95370','209-588-8688','415-203-8371','Pam Armstrong','707-489-7743',1,1,1,1,'Abigail Howard',1,1,'F',1,2,0,1,0,0,0,1,0,'','2008-05-27 19:02:07'),(226,188,'2008',275,'Karen','Bartlett','2600 - 2nd Ave','','Prince George','BC','V2M 1E4','250-562-5143','','Jean Rogacz','250-564-8656',1,1,0,1,'',1,0,'F',1,15,1,0,0,0,0,0,0,'','2008-05-27 19:02:36'),(227,166,'2008',211,'Jane','Blackwell','15515  35th Ave NE','','Lake Forest Park','WA','98155','206-367-6311','','Emily Easton','206-524-0367',0,1,0,1,'Christine (Tina) Moss',1,0,'F',1,2,0,0,0,0,0,0,0,'','2008-05-27 19:03:00'),(228,114,'2008',161,'Kirk','Fay','2001 Eastlake Ave E #9','','Seattle','WA','98102-3528','(206) 618-3885','(206) 427-2440','Kevin Fay','(425) 881-4214',0,1,0,1,'Roy Sillence',1,0,'M',1,6,1,0,1,0,0,0,0,'','2008-05-27 19:03:18'),(229,122,'2008',255,'Carol','Robinson','17 Powell Rd','','St Maries','ID','83861','208-245-4062','','Ronald Robinson','208-245-4062',0,1,0,1,'',1,0,'F',1,11,0,0,1,0,0,1,0,'','2008-05-27 19:03:36'),(230,159,'2008',183,'Jan','Rider','924 S. 226th Pl.','','Des Moines','WA','98198','206-579-1995','206-824-1753','Mark Rider','206-852-5502',0,1,0,1,'Female',1,0,'F',1,7,1,1,0,0,0,0,0,'Tricia:  Per our e-mail correspondance, 1/7/08:  I have already registered by \"snail mail\" including my registration fee.  (Sent 12/27/07).  Note: Violist and Soprano  ','2008-06-01 10:24:02'),(231,211,'2008',24,'Richard','Simon','733 Bryant Avenue','','Walla Walla','WA','99362','509-301-4647','509-525-2126','Deberah M. Simon','509-301-2181',0,1,0,0,'',1,0,'M',1,14,0,0,0,0,1,0,200,'','2008-06-01 10:25:28'),(232,161,'2008',222,'Chriatine/Tina','Moss','329 Randolph Ave','','Seattle','WA','98122','206-324-6651','','Jane Richey','814-238-1858',0,1,0,1,'Jane Blackwell',1,0,'F',1,2,1,0,0,0,0,0,0,'','2008-06-01 10:32:15'),(233,171,'2008',177,'Harry','Fisher','860 N. Woodside Drive','','Chandler','az','85224','480-219-9988','480-363-8648','Virginia Fisher','Primary or 480-363-8692',0,1,0,1,'',1,0,'M',1,7,1,0,0,0,0,0,0,'','2008-06-01 10:33:24'),(234,209,'2008',292,'Tina','Lieu','37 Huron Ave. #1','','Cambridge','MA','02138','617-386-7133','617-354-3625','Katsuya Tomioka','617-354-3625',1,1,0,1,'',1,0,'F',1,6,0,0,0,0,0,0,0,'','2008-06-01 10:33:57'),(235,167,'2008',53,'dennis','latham','1245 Judge Place','','Victoria','bc','v8p2c7','250-385-7104','','Barbara Latham','1-250-385-7104',0,1,0,1,'',1,0,'M',1,26,1,0,0,0,0,0,0,'','2008-06-01 18:17:09'),(236,213,'2008',295,'Carrick','Patterson','200 McMillen Trail','','Little Rock','AR','72207','5016802110','5016640013','Pat Patterson (wife)','5016640013 OR 5017793949 cell',1,1,0,0,'',1,0,'M',1,8,0,0,0,0,0,0,100,'Amateur cellist, age 62, with five years experience. Interested in orchestra and chamber music. Currently play in local university orchestra and chamber music program.','2008-06-01 18:17:33'),(237,217,'2008',101,'Steve','Hanks','4421A 44th Ave SW','','Seattle','WA','98116','206-932-5796','','','',0,1,0,1,'Alan Shaw',1,0,'M',1,12,0,0,0,0,0,0,0,'','2008-06-07 21:23:23'),(238,210,'2008',293,'Donna','Mansfield','215 100th Street SW','# C208','Everett','WA','98204','425-346-3415','425-710-0384','Casey Pike','425-710-0384',0,1,0,1,'',1,0,'F',1,6,1,1,0,0,0,0,0,'I would like to be in the same dorm, if possible, with Jill Davis and Teresa Goldsten.  If not possible, that is fine, also!  Thanks!','2008-06-08 00:57:47'),(239,204,'2008',289,'Karen','Smith','16261 39th N. E.','','Seattle','WA','98155','206 417 5228','206 313 4570','Richal Smith','206 313 8870',0,1,0,1,'',1,0,'F',1,15,0,0,1,0,0,0,0,'If I cannot play the clarinet, I would like to be in vocal - soprano','2008-06-11 17:26:14'),(240,94,'2008',3,'Steve','Hanks','4421A 44th Ave SW','','Seattle','WA','98116','206-932-5796','','','',0,1,0,1,'Alan Shaw',1,0,'M',1,12,0,0,0,0,0,0,0,'','2008-06-28 11:04:33'),(241,87,'2008',36,'Roy','Sillence','7508  28thNE','','Seattle','WA','98115-4636','(206) 526-7295','n/a','','',0,1,0,1,'Kirk Fay',1,0,'M',1,15,1,0,0,0,0,0,0,'','2008-07-04 16:32:06'),(242,120,'2008',254,'Mary','McInerny','3261 Daisy Avenue','','Long Beach','CA','90806','562 208-3027','562 208-3027','Libby McInerny','213 268-2906',1,1,0,1,'',1,0,'F',1,15,1,0,0,0,0,0,0,'','2008-07-06 13:18:25');
/*!40000 ALTER TABLE `cancellations` ENABLE KEYS */;
UNLOCK TABLES;

--
-- Table structure for table `cancelled_payments`
--

DROP TABLE IF EXISTS `cancelled_payments`;
SET @saved_cs_client     = @@character_set_client;
SET character_set_client = utf8;
CREATE TABLE `cancelled_payments` (
  `id` int(11) NOT NULL auto_increment,
  `payment_id` int(11) NOT NULL,
  `registration_id` int(11) NOT NULL,
  `amount` decimal(8,2) NOT NULL,
  `check_number` varchar(255) default NULL,
  `note` varchar(255) default NULL,
  `date_received` date default NULL,
  `created_at` datetime default NULL,
  PRIMARY KEY  (`id`)
) ENGINE=InnoDB AUTO_INCREMENT=206 DEFAULT CHARSET=latin1;
SET character_set_client = @saved_cs_client;

--
-- Dumping data for table `cancelled_payments`
--

LOCK TABLES `cancelled_payments` WRITE;
/*!40000 ALTER TABLE `cancelled_payments` DISABLE KEYS */;
INSERT INTO `cancelled_payments` VALUES (187,125,195,'125.00','2664','','2008-02-28','2008-05-27 19:02:07'),(188,122,188,'125.00','500134','','2008-02-18','2008-05-27 19:02:36'),(189,62,166,'125.00','326','','2008-01-10','2008-05-27 19:03:00'),(190,24,114,'845.00','2181','WOW! January payment hula hula','2008-01-02','2008-05-27 19:03:18'),(191,21,122,'125.00','MO','','2008-01-02','2008-05-27 19:03:36'),(192,67,159,'125.00','2935','','2008-01-01','2008-06-01 10:24:02'),(193,107,161,'125.00','4483','','2008-01-08','2008-06-01 10:32:15'),(194,61,171,'225.00','3563','','2008-01-14','2008-06-01 10:33:24'),(195,141,209,'125.00','232','','2008-04-07','2008-06-01 10:33:57'),(196,57,167,'125.00','611','','2008-01-14','2008-06-01 18:17:09'),(197,189,167,'700.00','537','','2008-05-08','2008-06-01 18:17:09'),(198,150,213,'125.00','6264','','2008-04-21','2008-06-01 18:17:33'),(199,142,210,'125.00','2014','','2008-04-07','2008-06-08 00:57:47'),(200,134,204,'125.00','1308','','2008-03-17','2008-06-11 17:26:14'),(201,43,94,'125.00','2443','','2008-01-03','2008-06-28 11:04:33'),(202,227,94,'1.00','1','Just testing -- will delete','2008-06-07','2008-06-28 11:04:33'),(203,102,87,'150.00','8576','','2008-02-04','2008-07-04 16:32:06'),(204,81,120,'125.00','1789','','2008-01-05','2008-07-06 13:18:25'),(205,244,120,'700.00','1851','','2008-05-29','2008-07-06 13:18:25');
/*!40000 ALTER TABLE `cancelled_payments` ENABLE KEYS */;
UNLOCK TABLES;

--
-- Table structure for table `charges`
--

DROP TABLE IF EXISTS `charges`;
SET @saved_cs_client     = @@character_set_client;
SET character_set_client = utf8;
CREATE TABLE `charges` (
  `id` int(11) NOT NULL auto_increment,
  `name` varchar(255) NOT NULL,
  `year` varchar(255) NOT NULL,
  `amount` decimal(8,2) NOT NULL,
  PRIMARY KEY  (`id`)
) ENGINE=InnoDB AUTO_INCREMENT=15 DEFAULT CHARSET=latin1;
SET character_set_client = @saved_cs_client;

--
-- Dumping data for table `charges`
--

LOCK TABLES `charges` WRITE;
/*!40000 ALTER TABLE `charges` DISABLE KEYS */;
INSERT INTO `charges` VALUES (1,'Registration','2007','125.00'),(2,'Tuition','2007','320.00'),(3,'Dorm','2007','125.00'),(4,'Meals','2007','180.00'),(5,'Monday Arrival','2007','50.00'),(6,'Tshirts','2007','20.00'),(7,'Discount','2007','-50.00'),(8,'Registration','2008','125.00'),(9,'Tuition','2008','330.00'),(10,'Dorm','2008','135.00'),(11,'Meals','2008','185.00'),(12,'Monday Arrival','2008','50.00'),(13,'Tshirts','2008','20.00'),(14,'Discount','2008','-50.00');
/*!40000 ALTER TABLE `charges` ENABLE KEYS */;
UNLOCK TABLES;

--
-- Table structure for table `events`
--

DROP TABLE IF EXISTS `events`;
SET @saved_cs_client     = @@character_set_client;
SET character_set_client = utf8;
CREATE TABLE `events` (
  `id` int(11) NOT NULL auto_increment,
  `note` varchar(255) default NULL,
  `created_at` datetime default NULL,
  PRIMARY KEY  (`id`)
) ENGINE=InnoDB AUTO_INCREMENT=422 DEFAULT CHARSET=latin1;
SET character_set_client = @saved_cs_client;

--
-- Dumping data for table `events`
--

LOCK TABLES `events` WRITE;
/*!40000 ALTER TABLE `events` DISABLE KEYS */;
INSERT INTO `events` VALUES (1,'Change password authenticate error on r_curtis@xplornet.com and rcurtis-MMR-509','2008-06-09 08:11:19'),(2,'Change password authenticate error on r_curtis@xplornet.com and rcurtis-MMR-509','2008-06-09 08:12:49'),(3,'Change password authenticate error on r_curtis@xplornet.com and rcurtis-MMR-509','2008-06-09 08:12:53'),(4,'Change password authenticate error on r_curtis@xplornet.com and rcurtis-MMR-509','2008-06-09 08:12:59'),(5,'Logout on ','2008-06-09 08:15:26'),(6,'Bad password on BaconJr@msn.com and MJVanEpp','2008-06-09 08:35:07'),(7,'User tricia616@msn.com successfully logged in','2008-06-09 13:16:48'),(8,'Admin registration list','2008-06-09 13:16:54'),(9,'Admin registration list','2008-06-09 13:17:40'),(10,'Admin registration list','2008-06-09 13:18:14'),(11,'Send payment confirmation to virginia_knight@hotmail.com','2008-06-09 14:20:09'),(12,'Admin created payment for virginia_knight@hotmail.com amount 700.0','2008-06-09 14:20:17'),(13,'Admin registration list','2008-06-09 14:20:18'),(14,'Admin registration list','2008-06-09 14:23:37'),(15,'Send payment confirmation to nashvilleslim@wavecable.com','2008-06-09 14:24:36'),(16,'Admin created payment for nashvilleslim@wavecable.com amount 300.0','2008-06-09 14:24:39'),(17,'Admin registration list','2008-06-09 14:24:40'),(18,'Deleted payment 143 in amount of 300.0 for registration 154','2008-06-09 14:25:31'),(19,'Admin registration list','2008-06-09 14:25:38'),(20,'Admin registration list','2008-06-09 14:26:43'),(21,'Admin registration list','2008-06-09 14:27:31'),(22,'Deleted payment 140 in amount of 300.0 for registration 154','2008-06-09 14:28:31'),(23,'Admin registration list','2008-06-09 14:28:36'),(24,'Send payment confirmation to flutetooter@wavecable.com','2008-06-09 14:29:14'),(25,'Admin created payment for flutetooter@wavecable.com amount 375.0','2008-06-09 14:29:17'),(26,'Admin registration list','2008-06-09 14:29:18'),(27,'Send payment confirmation to nashvilleslim@wavecable.com','2008-06-09 14:30:12'),(28,'Admin created payment for nashvilleslim@wavecable.com amount 50.0','2008-06-09 14:30:15'),(29,'Admin registration list','2008-06-09 14:30:16'),(30,'Bad password on ronaldein and ','2008-06-09 14:40:25'),(31,'Bad password on ronaldein@comcast.net and ronaldein-mmr-760','2008-06-09 14:40:36'),(32,'Send payment confirmation to karenbaer@aol.com','2008-06-09 14:46:04'),(33,'Admin created payment for karenbaer@aol.com amount 770.0','2008-06-09 14:46:08'),(34,'Admin registration list','2008-06-09 14:46:09'),(35,'Send payment confirmation to d.kappler@comcast.net','2008-06-09 14:47:18'),(36,'Admin created payment for d.kappler@comcast.net amount 700.0','2008-06-09 14:47:22'),(37,'Admin registration list','2008-06-09 14:47:23'),(38,'Send payment confirmation to bruce.lamott@sfuhs.org','2008-06-09 14:48:44'),(39,'Admin created payment for bruce.lamott@sfuhs.org amount 720.0','2008-06-09 14:48:48'),(40,'Admin registration list','2008-06-09 14:48:49'),(41,'Send payment confirmation to catcow@safeco.com','2008-06-09 14:49:33'),(42,'Admin created payment for catcow@safeco.com amount 620.0','2008-06-09 14:49:37'),(43,'Admin registration list','2008-06-09 14:49:38'),(44,'Send payment confirmation to sledgesj@cet.com','2008-06-09 14:50:14'),(45,'Admin created payment for sledgesj@cet.com amount 650.0','2008-06-09 14:50:18'),(46,'Admin registration list','2008-06-09 14:50:19'),(47,'Bad password on karenbaer@aol.com and pdjames','2008-06-09 15:03:46'),(48,'User karenbaer@aol.com successfully logged in','2008-06-09 15:04:09'),(49,'karenbaer@aol.com viewed','2008-06-09 15:04:10'),(50,'Send payment confirmation to birnbaum@uci.net','2008-06-09 15:05:54'),(51,'Admin created payment for birnbaum@uci.net amount 650.0','2008-06-09 15:05:57'),(52,'Admin registration list','2008-06-09 15:05:58'),(53,'Send payment confirmation to flyfishr@goldrush.com','2008-06-09 15:06:32'),(54,'Admin created payment for flyfishr@goldrush.com amount 650.0','2008-06-09 15:06:35'),(55,'Admin registration list','2008-06-09 15:06:37'),(56,'Admin registration list','2008-06-09 15:07:11'),(57,'Send payment confirmation to farwellp@yahoo.com','2008-06-09 15:07:42'),(58,'Admin created payment for farwellp@yahoo.com amount 125.0','2008-06-09 15:07:46'),(59,'Admin registration list','2008-06-09 15:07:47'),(60,'Deleted payment 27 in amount of 740.0 for registration 121','2008-06-09 15:09:22'),(61,'Admin registration list','2008-06-09 15:09:30'),(62,'Admin registration list','2008-06-09 15:10:48'),(63,'Admin registration list','2008-06-09 15:11:17'),(64,'Send payment confirmation to mcilb@earthlink.net','2008-06-09 15:12:30'),(65,'Admin created payment for mcilb@earthlink.net amount 700.0','2008-06-09 15:12:33'),(66,'Admin registration list','2008-06-09 15:12:34'),(67,'Admin registration list','2008-06-09 15:13:22'),(68,'Send payment confirmation to chrisworswick@gmail.com','2008-06-09 15:28:32'),(69,'Admin created payment for chrisworswick@gmail.com amount 700.0','2008-06-09 15:28:39'),(70,'Admin registration list','2008-06-09 15:28:40'),(71,'User rmpilcher@verizon.net successfully logged in','2008-06-09 15:36:52'),(72,'rmpilcher@verizon.net viewed','2008-06-09 15:36:53'),(73,'Logout on 298','2008-06-09 15:38:40'),(74,'User admin@musicalretreat.org successfully logged in','2008-06-09 15:39:37'),(75,'Admin registration list','2008-06-09 15:39:43'),(76,'Admin registration list','2008-06-09 15:42:01'),(77,'Admin registration list','2008-06-09 15:42:26'),(78,'Deleted payment 88 in amount of 250.0 for registration 107','2008-06-09 15:58:31'),(79,'Admin registration list','2008-06-09 15:58:39'),(80,'Send payment confirmation to levershart@comcast.net','2008-06-09 15:59:37'),(81,'Admin created payment for levershart@comcast.net amount 125.0','2008-06-09 15:59:45'),(82,'Admin registration list','2008-06-09 15:59:46'),(83,'Sent new account email to chrisworswick@gmail.com','2008-06-09 17:39:30'),(84,'New password email succeeded: chrisworswick@gmail.com','2008-06-09 17:39:30'),(85,'Bad password on chrisworswick@gmail.com and mmr-738','2008-06-09 17:40:11'),(86,'User chrisworswick@gmail.com successfully logged in','2008-06-09 17:40:31'),(87,'chrisworswick@gmail.com viewed','2008-06-09 17:40:33'),(88,'Change password success chrisworswick@gmail.com and ruhe5Nacht','2008-06-09 17:41:24'),(89,'chrisworswick@gmail.com viewed','2008-06-09 17:41:45'),(90,'Bad password on mcoon337@msn.com and mcoon337-MMR-038','2008-06-09 23:18:16'),(91,'User mcoon337@msn.com successfully logged in','2008-06-09 23:19:12'),(92,'mcoon337@msn.com viewed','2008-06-09 23:19:15'),(93,'User tricia616@msn.com successfully logged in','2008-06-10 10:40:07'),(94,'Admin registration list','2008-06-10 10:40:11'),(95,'Send payment confirmation to saraem13@hotmail.com','2008-06-10 10:40:36'),(96,'Admin created payment for saraem13@hotmail.com amount 720.0','2008-06-10 10:40:40'),(97,'Admin registration list','2008-06-10 10:40:41'),(98,'Send payment confirmation to summerlaw@sbcglobal.net','2008-06-10 10:41:18'),(99,'Admin created payment for summerlaw@sbcglobal.net amount 700.0','2008-06-10 10:41:22'),(100,'Admin registration list','2008-06-10 10:41:23'),(101,'Send payment confirmation to susieray23@yahoo.com','2008-06-10 10:52:35'),(102,'Admin created payment for susieray23@yahoo.com amount 650.0','2008-06-10 10:52:39'),(103,'Admin registration list','2008-06-10 10:52:40'),(104,'Send payment confirmation to juliet218@yahoo.com','2008-06-10 10:53:21'),(105,'Admin created payment for juliet218@yahoo.com amount 720.0','2008-06-10 10:53:24'),(106,'Admin registration list','2008-06-10 10:53:25'),(107,'Admin registration list','2008-06-10 10:53:55'),(108,'Send payment confirmation to majacobson@verizon.net','2008-06-10 10:54:32'),(109,'Admin created payment for majacobson@verizon.net amount 730.0','2008-06-10 10:54:36'),(110,'Admin registration list','2008-06-10 10:54:37'),(111,'Admin registration list','2008-06-10 10:55:29'),(112,'Send payment confirmation to cheri@agentsupportcenter.com','2008-06-10 10:56:16'),(113,'Admin created payment for cheri@agentsupportcenter.com amount 720.0','2008-06-10 10:56:20'),(114,'Admin registration list','2008-06-10 10:56:21'),(115,'Send payment confirmation to bc@remaxcreston.com','2008-06-10 10:57:34'),(116,'Admin created payment for bc@remaxcreston.com amount 650.0','2008-06-10 10:57:38'),(117,'Admin registration list','2008-06-10 10:57:39'),(118,'Bad password on jifeil@hotmail.com and MMR-519','2008-06-10 11:13:38'),(119,'Bad password on jifeil@hotmail.com and 519','2008-06-10 11:13:45'),(120,'Bad password on jifeil and MMR-519','2008-06-10 11:14:11'),(121,'Bad password on jifeil@hotmail.com and MMR-519','2008-06-10 11:14:20'),(122,'Sent new account email to jifeil@hotmail.com','2008-06-10 11:14:53'),(123,'New password email succeeded: jifeil@hotmail.com','2008-06-10 11:14:54'),(124,'Bad password on jifeil@hotmail.com and jifeil-MMR-247 ','2008-06-10 11:15:28'),(125,'Bad password on jifeil@hotmail.com and jifeil-MMR-248','2008-06-10 11:15:46'),(126,'Change password success jifeil@hotmail.com and dogbert0424','2008-06-10 11:16:35'),(127,'User jifeil@hotmail.com successfully logged in','2008-06-10 11:16:52'),(128,'jifeil@hotmail.com requested view, but not registered','2008-06-10 11:16:53'),(129,'Sent new account email to willrek@seanet.com','2008-06-10 12:14:13'),(130,'New password email succeeded: willrek@seanet.com','2008-06-10 12:14:14'),(131,'User willrek@seanet.com successfully logged in','2008-06-10 12:18:04'),(132,'User tricia616@msn.com successfully logged in','2008-06-11 17:24:46'),(133,'Admin registration list','2008-06-11 17:24:51'),(134,'Cancelled registration 204 for Karen Smith','2008-06-11 17:26:14'),(135,'Admin registration list','2008-06-11 17:26:15'),(136,'Send payment confirmation to wclarkg@gmail.com','2008-06-11 17:35:08'),(137,'Admin created payment for wclarkg@gmail.com amount 650.0','2008-06-11 17:35:16'),(138,'Admin registration list','2008-06-11 17:35:18'),(139,'Bad password on sawells@teleport.com and EvolsfA1','2008-06-12 00:41:34'),(140,'Bad password on sawells@teleport.com and CreatePeace2','2008-06-12 00:41:45'),(141,'Sent new account email to sawells@teleport.com','2008-06-12 00:42:25'),(142,'New account email succeeded: sawells@teleport.com','2008-06-12 00:42:26'),(143,'Bad password on sawells@teleport.com and sawells-MMR-676 ','2008-06-12 00:47:36'),(144,'Bad password on sawells@teleport.com and sawells0MMR-676','2008-06-12 00:48:10'),(145,'User sawells@teleport.com successfully logged in','2008-06-12 00:49:31'),(146,'sawells@teleport.com requested view, but not registered','2008-06-12 00:49:32'),(147,'User tricia616@msn.com successfully logged in','2008-06-12 12:30:11'),(148,'Admin registration list','2008-06-12 12:30:17'),(149,'Send payment confirmation to kfarring@harbornet.com','2008-06-12 12:30:56'),(150,'Admin created payment for kfarring@harbornet.com amount 20.0','2008-06-12 12:31:00'),(151,'Admin registration list','2008-06-12 12:31:01'),(152,'Admin registration list','2008-06-12 12:31:27'),(153,'Send payment confirmation to levershart@comcast.net','2008-06-12 12:32:01'),(154,'Admin created payment for levershart@comcast.net amount 230.0','2008-06-12 12:32:05'),(155,'Admin registration list','2008-06-12 12:32:06'),(156,'User chhorowitz@msn.com successfully logged in','2008-06-14 22:40:33'),(157,'chhorowitz@msn.com viewed','2008-06-14 22:40:35'),(158,'chhorowitz@msn.com viewed','2008-06-14 22:42:39'),(159,'User doug@conicwave.net successfully logged in','2008-06-15 11:33:20'),(160,'doug@conicwave.net requested new, but already registered','2008-06-15 11:33:22'),(161,'doug@conicwave.net viewed','2008-06-15 11:33:28'),(162,'User tricia616@msn.com successfully logged in','2008-06-15 12:09:31'),(163,'Admin registration list','2008-06-15 12:09:37'),(164,'Send payment confirmation to edwardsale@comcast.net','2008-06-15 12:10:21'),(165,'Admin created payment for edwardsale@comcast.net amount 650.0','2008-06-15 12:10:25'),(166,'Admin registration list','2008-06-15 12:10:26'),(167,'Sent new account email to rumeifurman@post.harvard.edu','2008-06-16 16:30:05'),(168,'Sent new account email to rumeifurman@post.harvard.edu','2008-06-16 16:30:08'),(169,'New password email succeeded: rumeifurman@post.harvard.edu','2008-06-16 16:30:15'),(170,'New password email succeeded: rumeifurman@post.harvard.edu','2008-06-16 16:30:18'),(171,'Bad password on rumeifurman@post.harvard.edu and rumeifurman-MMR-914 ','2008-06-16 16:31:07'),(172,'Change password authenticate error on rumeifurman@post.harvard.edu and rumeifurman-MMR-914 ','2008-06-16 16:31:42'),(173,'Sent new account email to edwardsale@comcast.net','2008-06-18 22:20:30'),(174,'New password email succeeded: edwardsale@comcast.net','2008-06-18 22:20:31'),(175,'Change password success edwardsale@comcast.net and cappi21','2008-06-18 22:22:03'),(176,'User edwardsale@comcast.net successfully logged in','2008-06-18 22:22:23'),(177,'edwardsale@comcast.net viewed','2008-06-18 22:22:24'),(178,'User tricia616@msn.com successfully logged in','2008-06-19 14:22:24'),(179,'Admin registration list','2008-06-19 14:22:46'),(180,'Send payment confirmation to ronaldein@comcast.net','2008-06-19 14:23:13'),(181,'Admin created payment for ronaldein@comcast.net amount 695.0','2008-06-19 14:23:16'),(182,'Admin registration list','2008-06-19 14:23:17'),(183,'User jveatch@earthlink.net successfully logged in','2008-06-22 10:13:06'),(184,'User jveatch@earthlink.net successfully logged in','2008-06-22 15:47:49'),(185,'User tricia616@msn.com successfully logged in','2008-06-22 20:12:08'),(186,'Admin registration list','2008-06-22 20:12:14'),(187,'Admin registration list','2008-06-22 20:25:00'),(188,'Deleted payment 51 in amount of 125.0 for registration 102','2008-06-22 20:26:48'),(189,'Admin registration list','2008-06-22 20:27:07'),(190,'Sent new account email to tnvidlak@verizon.net','2008-06-23 09:01:32'),(191,'New password email succeeded: tnvidlak@verizon.net','2008-06-23 09:01:32'),(192,'User admin@musicalretreat.org successfully logged in','2008-06-24 23:29:38'),(193,'Admin registration list','2008-06-24 23:29:45'),(194,'User jimwhitehead@comcast.net successfully logged in','2008-06-25 17:57:38'),(195,'jimwhitehead@comcast.net viewed','2008-06-25 17:57:39'),(196,'User tricia616@msn.com successfully logged in','2008-06-26 22:06:31'),(197,'Admin registration list','2008-06-26 22:06:36'),(198,'Send payment confirmation to geoffmanasse@gmail.com','2008-06-26 22:07:08'),(199,'Admin created payment for geoffmanasse@gmail.com amount 320.0','2008-06-26 22:07:11'),(200,'Admin registration list','2008-06-26 22:07:12'),(201,'Send payment confirmation to chhorowitz@msn.com','2008-06-26 22:07:55'),(202,'Admin created payment for chhorowitz@msn.com amount 620.0','2008-06-26 22:07:59'),(203,'Admin registration list','2008-06-26 22:08:00'),(204,'User tricia616@msn.com successfully logged in','2008-06-28 11:03:35'),(205,'Admin registration list','2008-06-28 11:03:40'),(206,'Send payment confirmation to rumeifurman@post.harvard.edu','2008-06-28 11:04:15'),(207,'Admin created payment for rumeifurman@post.harvard.edu amount 282.5','2008-06-28 11:04:19'),(208,'Admin registration list','2008-06-28 11:04:20'),(209,'Cancelled registration 94 for Steve Hanks','2008-06-28 11:04:33'),(210,'Admin registration list','2008-06-28 11:04:34'),(211,'Admin registration list','2008-06-28 11:05:58'),(212,'User suecdc@msn.com successfully logged in','2008-06-28 18:58:49'),(213,'suecdc@msn.com viewed','2008-06-28 18:58:50'),(214,'New password confirm mismatch: LAUREL101@MAC.COM laurel101@mac.com','2008-06-29 00:06:55'),(215,'Sent new account email to LAUREL101@MAC.COM','2008-06-29 00:07:18'),(216,'New account email succeeded: LAUREL101@MAC.COM','2008-06-29 00:07:20'),(217,'User LAUREL101@MAC.COM successfully logged in','2008-06-29 00:10:55'),(218,'Sent new account email to sawells@teleport.com','2008-06-30 13:57:43'),(219,'New password email succeeded: sawells@teleport.com','2008-06-30 13:57:45'),(220,'Bad password on sawells@teleport.com and sawells-MMR-504 ','2008-06-30 13:59:05'),(221,'User sawells@teleport.com successfully logged in','2008-06-30 13:59:31'),(222,'sawells@teleport.com requested view, but not registered','2008-06-30 13:59:32'),(223,'Bad password on dalelear@mcneel.com and dalelear-MMR-532 ','2008-07-01 23:46:58'),(224,'User dalelear@mcneel.com successfully logged in','2008-07-01 23:47:03'),(225,'dalelear@mcneel.com viewed','2008-07-01 23:47:04'),(226,'Change password success dalelear@mcneel.com and ivxiii60','2008-07-01 23:48:55'),(227,'Logout on 123','2008-07-01 23:49:02'),(228,'User barbclickner@gmail.com successfully logged in','2008-07-02 11:46:54'),(229,'barbclickner@gmail.com viewed','2008-07-02 11:46:55'),(230,'User tricia616@msn.com successfully logged in','2008-07-03 23:49:26'),(231,'Admin registration list','2008-07-03 23:49:30'),(232,'User tricia616@msn.com successfully logged in','2008-07-04 16:30:12'),(233,'Admin registration list','2008-07-04 16:30:17'),(234,'Send payment confirmation to rmpilcher@verizon.net','2008-07-04 16:31:31'),(235,'Admin created payment for rmpilcher@verizon.net amount 400.0','2008-07-04 16:31:35'),(236,'Admin registration list','2008-07-04 16:31:36'),(237,'Cancelled registration 87 for Roy Sillence','2008-07-04 16:32:06'),(238,'Admin registration list','2008-07-04 16:32:07'),(239,'Bad password on wapilcher@verizon.net and nestegg1','2008-07-04 20:23:59'),(240,'User rmpilcher@verizon.net successfully logged in','2008-07-04 20:24:12'),(241,'rmpilcher@verizon.net viewed','2008-07-04 20:24:14'),(242,'Logout on 298','2008-07-04 20:25:42'),(243,'User tricia616@msn.com successfully logged in','2008-07-06 13:16:28'),(244,'Admin registration list','2008-07-06 13:16:32'),(245,'Send payment confirmation to kaisse@u.washington.edu','2008-07-06 13:18:00'),(246,'Admin created payment for kaisse@u.washington.edu amount 690.0','2008-07-06 13:18:04'),(247,'Admin registration list','2008-07-06 13:18:06'),(248,'Cancelled registration 120 for Mary McInerny','2008-07-06 13:18:25'),(249,'Admin registration list','2008-07-06 13:18:26'),(250,'User byrdwoman@comcast.net successfully logged in','2008-07-06 16:49:03'),(251,'byrdwoman@comcast.net viewed','2008-07-06 16:49:04'),(252,'User lbirge@msn.com successfully logged in','2008-07-06 18:10:03'),(253,'lbirge@msn.com viewed','2008-07-06 18:10:04'),(254,'Bad password on ireneburt@webtv.net and ireneburt-MMR-402','2008-07-08 19:11:58'),(255,'Bad password on ireneburt@webtv.net and ireneburt-MMR-402','2008-07-08 19:12:36'),(256,'Bad password on ireneburt@webtv.net and MMR-402','2008-07-08 19:13:24'),(257,'Bad password on ireneburt@webtv.net and ireneburt-MMR817','2008-07-08 19:13:53'),(258,'Bad password on ireneburt@webtv.net and ireneburt-MMR-402','2008-07-08 19:14:17'),(259,'Bad password on ireneburt@webtv.net and ireneburt-MMR817','2008-07-08 19:14:57'),(260,'Bad password on ireneburt@webtv.net and ireneburt-MMR-402','2008-07-08 19:15:17'),(261,'Bad password on ireneburt@webtv.net and ireneburt-MMR-402','2008-07-08 19:15:28'),(262,'Bad password on ireneburt@webtv.net and ireneburt-MMR-402','2008-07-08 19:15:31'),(263,'Sent new account email to ireneburt@webtv.net','2008-07-08 19:17:16'),(264,'New password email succeeded: ireneburt@webtv.net','2008-07-08 19:17:17'),(265,'Bad password on ireneburt@webtv.net and ireneburt-mmr-402','2008-07-08 19:18:06'),(266,'Bad password on ireneburt@webtv.net and ireneburt-MMR-402','2008-07-08 19:24:40'),(267,'Bad password on ireneburt@webtv.net and 402','2008-07-08 19:25:15'),(268,'Bad password on ireneburt@webtv.net and MMR-402','2008-07-08 19:25:32'),(269,'Sent new account email to ireneburt@webtv.net','2008-07-08 19:27:51'),(270,'New password email succeeded: ireneburt@webtv.net','2008-07-08 19:27:51'),(271,'User ireneburt@webtv.net successfully logged in','2008-07-08 19:32:54'),(272,'ireneburt@webtv.net viewed','2008-07-08 19:32:56'),(273,'Bad password on ireneburt@webtv.net and ireneburt-MMR-872','2008-07-08 19:43:02'),(274,'Bad password on ireneburt@webtv.net and ireneburt-MMR-872','2008-07-08 19:43:39'),(275,'Bad password on kristiegab@aol.com and kristiegab-MMR-480','2008-07-12 14:12:14'),(276,'Bad password on kristiegab@aol.com and kristie-MMR-480','2008-07-12 14:12:53'),(277,'Bad password on kristiegab@aol.com and kristie-MMR-480','2008-07-12 14:13:00'),(278,'Bad password on kristiegab@aol.com and kristie-MMR-480','2008-07-12 14:13:06'),(279,'Bad password on kristiegab@aol.com and kristiegabMMR480','2008-07-12 14:13:26'),(280,'Bad password on kristiegab@aol.com and kristiegab-MMR-480','2008-07-12 14:15:34'),(281,'Bad password on kristiegab@aol.com and kristiegab-MMR-480','2008-07-12 14:15:38'),(282,'Bad password on kristiegab@aol.com and kristiegab_MMR_480','2008-07-12 14:15:59'),(283,'Bad password on kristiegab@aol.com and kristiegab-MMR-480','2008-07-12 14:16:20'),(284,'Bad password on kristiegab@aol.com and kristiegab-MMR-480','2008-07-12 14:16:22'),(285,'Bad password on kristiegab@aol.com and kristiegab-MMR-480','2008-07-12 14:16:24'),(286,'Bad password on kristiegab@aol.com and ','2008-07-12 14:16:28'),(287,'Bad password on kristiegab@aol.com and MMR-4480','2008-07-12 14:16:44'),(288,'Bad password on kristiegab@aol.com and kristiegab-MMR-480','2008-07-12 14:17:00'),(289,'Bad password on kristiegab@aol.com and kristiegab-MMR-480','2008-07-12 14:17:02'),(290,'Bad password on kristiegab@aol.com and kristiegab-MMR-480','2008-07-12 14:17:11'),(291,'Bad password on kristiegab@aol.com and kristiegab-MMR-480','2008-07-12 14:17:16'),(292,'Bad password on kristiegab@aol.com and kristiegab-MMR-480','2008-07-12 14:17:18'),(293,'Bad password on kristiegab@aol.com  and kristiegab-MMR-480 ','2008-07-12 14:18:42'),(294,'Bad password on kristiegab@aol.com  and kristiegab-MMR-480 ','2008-07-12 14:18:45'),(295,'Bad password on kristiegab@aol.com  and kristiegab-MMR-480 ','2008-07-12 14:18:48'),(296,'Bad password on kristiegab@aol.com  and kristiegab-MMR-480 ','2008-07-12 14:18:50'),(297,'Bad password on kristiegab@aol.com  and kristiegab-MMR-480 ','2008-07-12 14:18:53'),(298,'Sent new account email to kristiegab@aol.com','2008-07-12 14:19:51'),(299,'New password email succeeded: kristiegab@aol.com','2008-07-12 14:19:51'),(300,'Bad password on kristiegab@aol.com and kristiegab-MMR-480kristiegab','2008-07-12 14:21:32'),(301,'Bad password on kristiegab@aol.com and kristiegab-MMR-480kristiegab','2008-07-12 14:21:47'),(302,'User kristiegab@aol.com successfully logged in','2008-07-12 14:22:11'),(303,'kristiegab@aol.com requested view, but not registered','2008-07-12 14:25:52'),(304,'kristiegab@aol.com requested view, but not registered','2008-07-12 14:26:00'),(305,'User admin@musicalretreat.org successfully logged in','2008-07-13 10:08:18'),(306,'Admin registration list','2008-07-13 10:08:27'),(307,'Admin registration list','2008-07-13 10:32:47'),(308,'User admin@musicalretreat.org successfully logged in','2008-07-13 10:44:28'),(309,'Admin registration list','2008-07-13 10:44:29'),(310,'User admin@musicalretreat.org successfully logged in','2008-07-13 10:45:27'),(311,'Admin registration list','2008-07-13 10:45:28'),(312,'Bad password on hanks@pobox.com and misslucy','2008-07-13 11:00:50'),(313,'User hanks@pobox.com successfully logged in','2008-07-13 11:00:57'),(314,'hanks@pobox.com requested view, but not registered','2008-07-13 11:00:58'),(315,'Change password success hanks@pobox.com and misslucy','2008-07-13 11:01:20'),(316,'Logout on 3','2008-07-13 11:01:36'),(317,'Bad password on admin@musicalregreat.org and walla2','2008-07-13 11:01:59'),(318,'User admin@musicalretreat.org successfully logged in','2008-07-13 11:02:21'),(319,'Admin registration list','2008-07-13 11:02:22'),(320,'User admin@musicalretreat.org successfully logged in','2008-07-14 16:59:02'),(321,'Admin registration list','2008-07-14 16:59:08'),(322,'User hanks@pobox.com successfully logged in','2008-07-14 19:17:36'),(323,'hanks@pobox.com requested view, but not registered','2008-07-14 19:17:37'),(324,'Logout on 3','2008-07-14 19:18:01'),(325,'Bad password on hanks@pobox.com and walla2','2008-07-14 19:18:23'),(326,'User hanks@pobox.com successfully logged in','2008-07-14 19:18:29'),(327,'User rmpilcher@verizon.net successfully logged in','2008-07-15 10:57:42'),(328,'rmpilcher@verizon.net viewed','2008-07-15 10:57:44'),(329,'Logout on 298','2008-07-15 10:58:55'),(330,'Sent new account email to kristiegab@aol.com','2008-07-15 11:32:11'),(331,'New password email succeeded: kristiegab@aol.com','2008-07-15 11:32:12'),(332,'Bad password on kristiegab@aol.com and kristiegab-MMR-480kristiegab','2008-07-15 11:33:53'),(333,'User kristiegab@aol.com successfully logged in','2008-07-15 11:34:19'),(334,'User admin@musicalretreat.org successfully logged in','2008-07-16 10:03:56'),(335,'Admin registration list','2008-07-16 10:04:05'),(336,'Admin registration list','2008-07-16 10:06:08'),(337,'Admin registration list','2008-07-16 10:06:40'),(338,'User admin@musicalretreat.org successfully logged in','2008-07-18 23:08:48'),(339,'Admin registration list','2008-07-18 23:12:24'),(340,'Admin registration list','2008-07-18 23:13:30'),(341,'Bad password on lynnkedwards and tragoud0','2008-07-20 09:02:43'),(342,'Bad password on lynnkedwards and tragoud0','2008-07-20 09:05:02'),(343,'User lynnkedwards@gmail.com successfully logged in','2008-07-20 09:05:15'),(344,'lynnkedwards@gmail.com viewed','2008-07-20 09:05:17'),(345,'Logout on 214','2008-07-20 09:05:38'),(346,'User valerie303@aol.com successfully logged in','2008-07-21 11:12:47'),(347,'valerie303@aol.com viewed','2008-07-21 11:12:48'),(348,'Logout on 288','2008-07-21 11:13:45'),(349,'Bad password on hanks@pobox.com and wlla2','2008-07-23 00:13:31'),(350,'Bad password on hanks@pobox.com and misslucy','2008-07-23 00:13:38'),(351,'Bad password on hanks@pobox.com and walla2','2008-07-23 00:13:45'),(352,'User admin@musicalretreat.org successfully logged in','2008-07-23 00:14:08'),(353,'Bad password on susan@metalurges.com and susan-mmr-789','2008-07-23 12:05:11'),(354,'Bad password on susan@metalurges.com and susanmmr789','2008-07-23 12:05:21'),(355,'Bad password on susan@metalurges.com and susan-mmr-789','2008-07-23 12:05:34'),(356,'Bad password on susan@metalurges.com and susan-mmr-789','2008-07-23 12:05:36'),(357,'User SUSAN@METALURGES.COM successfully logged in','2008-07-23 12:07:23'),(358,'SUSAN@METALURGES.COM viewed','2008-07-23 12:07:24'),(359,'Logout on ','2008-07-23 12:08:10'),(360,'User bc@remaxcreston.com successfully logged in','2008-07-24 22:40:48'),(361,'bc@remaxcreston.com viewed','2008-07-24 22:40:49'),(362,'User bc@remaxcreston.com successfully logged in','2008-07-24 22:49:21'),(363,'Sent new account email to alisonm_r@yahoo.com','2008-08-12 11:14:37'),(364,'New account email succeeded: alisonm_r@yahoo.com','2008-08-12 11:14:38'),(365,'Bad password on alisonm_r@yahoo.com and alisonm_r-MMR-197 ','2008-08-12 11:25:54'),(366,'Bad password on alisonm_r@yahoo.com and alisonm_r-MMR-197 ','2008-08-12 11:26:13'),(367,'Bad password on alisonm_r@yahoo.com and alisonm_r-MMR197','2008-08-12 11:26:55'),(368,'Bad password on admin@musicalregreat.org and walla2','2008-09-07 12:18:59'),(369,'User admin@musicalretreat.org successfully logged in','2008-09-07 12:19:10'),(370,'Admin registration list','2008-09-07 12:50:09'),(371,'Logout on 1','2008-09-07 13:00:12'),(372,'Bad password on hanks@pobox.com and walla2','2008-09-07 13:00:23'),(373,'Bad password on hanks@pobox.com and misslucy','2008-09-07 13:00:28'),(374,'User hanks@pobox.com successfully logged in','2008-09-07 13:03:30'),(375,'Bad password on donamac@mac.com and pepper03','2008-09-07 13:52:25'),(376,'Bad password on donamac@mac.com and callie06','2008-09-07 13:52:56'),(377,'Bad password on groupw@rocketwire.net and kalliwoda','2008-09-07 16:27:23'),(378,'Bad password on groupw@rocketwire.net and admin','2008-09-07 16:27:33'),(379,'Bad password on midsummer@musicalretreat.org and walla2','2008-09-07 16:29:39'),(380,'Bad password on groupw@rocketwire.net and walla2','2008-09-07 16:30:01'),(381,'Bad password on genniewinkler@mac.com and walla2','2008-09-07 16:32:51'),(382,'Sent new account email to groupw@rocketwire.net','2008-09-07 17:52:06'),(383,'New password email succeeded: groupw@rocketwire.net','2008-09-07 17:52:58'),(384,'User hanks@pobox.com successfully logged in','2008-09-07 18:02:37'),(385,'User hanks@pobox.com successfully logged in','2008-09-08 07:59:28'),(386,'User hanks@pobox.com successfully logged in','2008-09-12 08:27:45'),(387,'User tricia616@msn.com successfully logged in','2008-09-19 08:31:47'),(388,'Admin registration list','2008-09-19 08:31:54'),(389,'User janv7@cableone.net successfully logged in','2008-09-19 23:25:32'),(390,'Sent new account email to rmbeck7@gmail.com','2008-11-11 13:45:09'),(391,'New account email succeeded: rmbeck7@gmail.com','2008-11-11 13:45:15'),(392,'Bad password on lbirge@msn.com and lbirge-MMR-360 ','2008-11-26 18:37:25'),(393,'Bad password on lbirge@msn.com and lbirge-MMR-360','2008-11-26 18:37:44'),(394,'Sent new account email to lbirge@msn.com','2008-11-26 18:38:21'),(395,'New password email succeeded: lbirge@msn.com','2008-11-26 18:38:22'),(396,'Bad password on lbirge@msn.com and lbirge-MMR-394 ','2008-11-26 21:25:46'),(397,'Bad password on lbirge@msn.com and lbirge-MMR-394 ','2008-11-26 21:25:51'),(398,'Change password authenticate error on lbirge@msn.com and lbirge-MMR-394 ','2008-11-26 21:26:40'),(399,'Change password authenticate error on lbirge@msn.com and lbirge-MMR-394 ','2008-11-26 21:27:00'),(400,'Bad password on conniepearl@yahoo.com and 440plus','2008-12-03 17:43:23'),(401,'Bad password on conniepearl@yahoo.com and 440plus','2008-12-03 17:43:53'),(402,'Sent new account email to juepu99@gmail.com','2008-12-03 18:49:18'),(403,'New password email succeeded: juepu99@gmail.com','2008-12-03 18:49:19'),(404,'Bad password on juepu99@gmail.com and JUEPU99-MMR-08','2008-12-03 19:01:41'),(405,'Bad password on juepu99@gmail.com and juepu99-MMR-08','2008-12-03 19:02:10'),(406,'Bad password on juepu99@gmail.com and juepu99mmr08','2008-12-03 19:02:56'),(407,'Bad password on juepu99@gmail.com and juepu99-MMR-o28','2008-12-03 19:03:45'),(408,'Bad password on KAMMERER1@COMCAST.NET and MINNIE03','2008-12-15 13:42:57'),(409,'Bad password on KAMMERER1@COMCAST.NET and KA724147','2008-12-15 13:43:07'),(410,'Bad password on KAMMERER1@COMCAST.NET and KA724147','2008-12-15 13:43:15'),(411,'Bad password on KAMMERER1@COMCAST.NET and MINNIE03','2008-12-15 13:44:21'),(412,'Bad password on KAMMERER1@COMCAST.NET and KA724147','2008-12-15 13:44:32'),(413,'Bad password on KAMMERER1@COMCAST.NET and MINNIE03','2008-12-15 13:44:40'),(414,'Sent new account email to KAMMERER1@COMCAST.NET','2008-12-15 13:46:36'),(415,'New password email succeeded: KAMMERER1@COMCAST.NET','2008-12-15 13:46:38'),(416,'Sent new account email to KAMMERER1@COMCAST.NET','2008-12-15 13:49:22'),(417,'New password email succeeded: KAMMERER1@COMCAST.NET','2008-12-15 13:49:22'),(418,'Change password authenticate error on KAMMERER1@COMCAST.NET and KAMMERER1-MMR-802','2008-12-15 17:06:21'),(419,'Change password authenticate error on KAMMERER1@COMCAST.NET and KAMMERER1-MMR-802','2008-12-15 17:06:29'),(420,'Bad password on KAMMERER1@COMCAST.NET and KAMMERER1-MMR-802','2008-12-15 17:07:12'),(421,'Bad password on KAMMERER1@COMCAST.NET and KAMMERER1-MMR-802','2008-12-15 17:07:20');
/*!40000 ALTER TABLE `events` ENABLE KEYS */;
UNLOCK TABLES;

--
-- Table structure for table `instruments`
--

DROP TABLE IF EXISTS `instruments`;
SET @saved_cs_client     = @@character_set_client;
SET character_set_client = utf8;
CREATE TABLE `instruments` (
  `id` int(11) NOT NULL auto_increment,
  `display_name` varchar(255) NOT NULL,
  `closed` tinyint(1) default '0',
  PRIMARY KEY  (`id`)
) ENGINE=InnoDB AUTO_INCREMENT=36 DEFAULT CHARSET=latin1;
SET character_set_client = @saved_cs_client;

--
-- Dumping data for table `instruments`
--

LOCK TABLES `instruments` WRITE;
/*!40000 ALTER TABLE `instruments` DISABLE KEYS */;
INSERT INTO `instruments` VALUES (1,'Voice - Soprano',0),(2,'Voice - Alto',0),(3,'Voice - Tenor',0),(4,'Voice - Baritone',0),(5,'Voice - Bass',0),(6,'Violin',0),(7,'Viola',0),(8,'Cello',0),(9,'Double Bass',0),(10,'Piccolo',0),(11,'Flute',0),(12,'Oboe',0),(13,'English Horn',0),(14,'Bassoon',0),(15,'Clarinet',0),(16,'Bass Clarinet',0),(17,'Saxophone',0),(18,'Saxophone - Soprano',0),(19,'Saxophone - Alto',0),(20,'Saxophone - Tenor',0),(21,'Saxophone - Baritone',0),(22,'Trumpet',0),(23,'French Horn',0),(24,'Trombone',0),(25,'Trombone - Bass',0),(26,'Euphonium',0),(27,'Tuba',0),(28,'Percussion',0),(29,'Snare Drum',0),(30,'Mallets',0),(31,'Timpani',0),(32,'Harp',0),(33,'Organ',0),(34,'Piano',0),(35,'Guitar',0);
/*!40000 ALTER TABLE `instruments` ENABLE KEYS */;
UNLOCK TABLES;

--
-- Table structure for table `invitees`
--

DROP TABLE IF EXISTS `invitees`;
SET @saved_cs_client     = @@character_set_client;
SET character_set_client = utf8;
CREATE TABLE `invitees` (
  `id` int(11) NOT NULL auto_increment,
  `email` varchar(255) NOT NULL,
  PRIMARY KEY  (`id`)
) ENGINE=InnoDB DEFAULT CHARSET=latin1;
SET character_set_client = @saved_cs_client;

--
-- Dumping data for table `invitees`
--

LOCK TABLES `invitees` WRITE;
/*!40000 ALTER TABLE `invitees` DISABLE KEYS */;
/*!40000 ALTER TABLE `invitees` ENABLE KEYS */;
UNLOCK TABLES;

--
-- Table structure for table `payments`
--

DROP TABLE IF EXISTS `payments`;
SET @saved_cs_client     = @@character_set_client;
SET character_set_client = utf8;
CREATE TABLE `payments` (
  `id` int(11) NOT NULL auto_increment,
  `registration_id` int(11) NOT NULL,
  `amount` decimal(8,2) NOT NULL,
  `check_number` varchar(255) default NULL,
  `note` varchar(255) default NULL,
  `date_received` date default NULL,
  `created_at` datetime default NULL,
  PRIMARY KEY  (`id`),
  KEY `fk_payments_registration_id` (`registration_id`),
  CONSTRAINT `fk_payments_registration_id` FOREIGN KEY (`registration_id`) REFERENCES `registrations` (`id`)
) ENGINE=InnoDB AUTO_INCREMENT=264 DEFAULT CHARSET=latin1;
SET character_set_client = @saved_cs_client;

--
-- Dumping data for table `payments`
--

LOCK TABLES `payments` WRITE;
/*!40000 ALTER TABLE `payments` DISABLE KEYS */;
INSERT INTO `payments` VALUES (2,93,'125.00','111','','2007-12-23','2007-12-23 17:29:39'),(6,153,'125.00','4289','Board member','2008-01-11','2008-01-11 23:40:51'),(7,147,'125.00','2207','','2008-01-07','2008-01-11 23:43:11'),(8,146,'125.00','9316','','2008-01-07','2008-01-11 23:44:24'),(9,93,'0.00','','','2008-01-11','2008-01-11 23:44:54'),(10,127,'375.00','','','2008-01-01','2008-01-12 00:00:28'),(17,154,'300.00','4635','','2008-01-07','2008-01-12 16:35:11'),(18,156,'125.00','13664','','2008-01-07','2008-01-12 16:38:10'),(19,113,'150.00','54888822','','2008-01-01','2008-01-12 16:48:32'),(20,116,'125.00','3228','','2008-01-02','2008-01-12 16:50:18'),(22,99,'770.00','3399','Paid in full: Thanks','2008-01-04','2008-01-12 17:04:37'),(23,85,'250.00','976','Maureen and Bob deposit','2008-01-01','2008-01-12 17:22:38'),(25,134,'125.00','6076','','2008-01-03','2008-01-12 17:26:40'),(26,103,'125.00','56731412','','2008-01-05','2008-01-12 17:28:42'),(28,121,'740.00','CC','','2008-01-05','2008-01-12 17:33:07'),(29,165,'845.00','4532','requests single','2008-01-10','2008-01-12 17:34:44'),(30,92,'387.50','15319','Board/pd in full','2008-01-12','2008-01-12 17:37:31'),(31,158,'125.00','2100','','2008-01-02','2008-01-14 22:31:44'),(32,164,'125.00','','$250 split','2008-01-08','2008-01-14 22:34:32'),(33,160,'125.00','','$250 split','2008-01-08','2008-01-14 22:35:41'),(34,160,'125.00','','','2008-01-08','2008-01-14 22:36:54'),(35,119,'125.00','','','2008-01-01','2008-01-14 22:40:46'),(36,119,'515.00','cash chck','','2008-01-04','2008-01-14 22:43:16'),(37,124,'125.00','','','2008-01-03','2008-01-16 22:57:02'),(38,140,'125.00','242','$250 check split with Joe Boyd','2008-01-08','2008-01-16 22:59:22'),(39,129,'125.00','242','split with Marty Deer','2008-01-08','2008-01-16 23:00:27'),(40,112,'125.00','1320','','2008-01-02','2008-01-16 23:05:41'),(41,123,'125.00','2998','','2008-01-03','2008-01-16 23:06:24'),(42,136,'125.00','676','','2008-01-03','2008-01-16 23:07:25'),(44,138,'125.00','7515','','2008-01-04','2008-01-16 23:12:12'),(45,144,'125.00','1009','','2008-01-07','2008-01-16 23:14:06'),(46,141,'125.00','','need Pannell registration','2008-01-02','2008-01-16 23:15:05'),(47,152,'125.00','','','2008-01-07','2008-01-16 23:16:40'),(48,155,'125.00','10380','','2008-01-06','2008-01-16 23:17:41'),(49,118,'925.00','4023','','2008-01-02','2008-01-16 23:19:12'),(50,130,'125.00','5571','','2008-01-03','2008-01-16 23:19:47'),(53,108,'125.00','12585','','2008-01-02','2008-01-16 23:24:24'),(54,157,'125.00','7286','','2008-01-07','2008-01-16 23:25:31'),(55,105,'125.00','1749','','2008-01-02','2008-01-16 23:26:26'),(58,174,'125.00','9441','divided with Dan Milligan','2008-01-15','2008-01-19 17:46:58'),(59,173,'125.00','9441','divided with Shirley Milligan','2008-01-15','2008-01-19 17:48:53'),(60,148,'125.00','1159','','2008-01-15','2008-01-19 17:54:21'),(63,169,'125.00','308','','2008-01-11','2008-01-19 18:04:38'),(64,90,'125.00','2548','','2008-01-01','2008-01-19 18:06:33'),(65,145,'150.00','9667','','2008-01-05','2008-01-19 18:09:38'),(66,117,'125.00','-3882','','2008-01-01','2008-01-19 18:14:35'),(68,133,'125.00','2463','','2008-01-03','2008-01-20 14:03:31'),(69,132,'125.00','609','','2008-01-03','2008-01-20 14:05:31'),(70,110,'125.00','3401','room w/ Jacobson','2008-01-02','2008-01-20 14:06:59'),(71,101,'925.00','3928','','2008-01-02','2008-01-20 14:09:03'),(72,131,'125.00','1937','','2008-01-02','2008-01-20 14:14:09'),(73,150,'125.00','1404','','2008-01-10','2008-01-20 14:15:30'),(74,168,'125.00','5144','','2008-01-16','2008-01-20 14:17:20'),(75,126,'125.00','1493','','2008-01-04','2008-01-20 14:19:15'),(76,149,'125.00','1423','','2008-01-05','2008-01-20 14:20:39'),(77,128,'250.00','2865','divide with Nason','2008-01-01','2008-01-20 14:22:23'),(78,163,'125.00','319','','2008-01-23','2008-01-27 12:24:27'),(79,162,'125.00','10034','','2008-01-09','2008-01-27 12:36:31'),(80,170,'125.00','1208','','2008-01-17','2008-01-27 12:40:07'),(82,142,'125.00','624','check divide w/ Kayfetz','2008-01-02','2008-01-27 12:51:58'),(84,86,'387.50','5810','','2008-01-08','2008-01-27 12:54:09'),(85,175,'1000.00','1596','','2008-01-01','2008-01-27 12:59:02'),(86,151,'125.00','1187','','2008-01-07','2008-01-27 13:04:18'),(87,125,'125.00','1572','','2008-01-02','2008-01-27 13:13:37'),(89,98,'125.00','9591','','2008-01-02','2008-01-27 13:30:53'),(90,111,'125.00','1385','','2008-01-02','2008-01-27 13:31:53'),(92,100,'125.00','2179','250 divided','2008-01-02','2008-01-27 13:35:14'),(93,104,'125.00','8308','','2008-01-02','2008-01-27 13:37:22'),(94,106,'225.00','2237','','2008-01-02','2008-01-27 13:38:36'),(95,115,'125.00','1577','','2008-01-07','2008-01-27 13:52:03'),(96,147,'720.00','2209','','2008-01-22','2008-01-27 14:07:25'),(97,177,'150.00','3553','','2008-01-22','2008-01-27 14:09:29'),(98,178,'125.00','1250','','2008-01-22','2008-01-27 14:11:27'),(100,181,'125.00','2071','divided with David','2008-01-29','2008-02-04 19:58:59'),(101,182,'125.00','2071','divided with Valerie','2008-01-29','2008-02-04 19:59:53'),(103,146,'500.00','9322','','2008-02-04','2008-02-09 17:58:05'),(104,183,'125.00','4072','','2008-02-06','2008-02-09 17:59:53'),(105,184,'125.00','2549','Waiting list for flutes','2008-02-02','2008-02-09 18:02:21'),(106,185,'125.00','6109','','2008-02-02','2008-02-09 18:08:20'),(108,190,'125.00','697','','2008-02-19','2008-02-23 14:51:01'),(109,186,'125.00','7440','divided check with Gary Roberts','2008-02-19','2008-02-23 14:52:51'),(110,189,'125.00','529','','2008-02-15','2008-02-23 14:54:22'),(111,109,'125.00','','','2008-02-13','2008-02-23 14:56:16'),(112,187,'125.00','7440','divided check with Kaisse','2008-02-19','2008-02-23 14:58:00'),(113,179,'125.00','2445','','2008-01-01','2008-02-23 15:00:01'),(114,192,'387.50','4883','','2008-01-01','2008-02-23 15:04:22'),(115,95,'0.00','0','','2008-01-14','2008-02-23 15:07:56'),(116,176,'125.00','5251','divide with Daniel ($250)','2008-01-19','2008-03-01 00:23:39'),(117,137,'125.00','5471','','2008-02-27','2008-03-01 16:39:46'),(119,180,'125.00','2265','','2008-02-26','2008-03-01 16:43:07'),(120,193,'125.00','6023','','2008-02-22','2008-03-01 17:03:40'),(121,196,'125.00','3113','','2008-02-23','2008-03-01 17:10:56'),(123,191,'125.00','6091','','2008-02-21','2008-03-01 17:30:43'),(124,197,'125.00','2826','','2008-02-28','2008-03-02 13:33:59'),(126,194,'125.00','1085','','2008-02-29','2008-03-08 14:13:03'),(127,199,'125.00','1255','','2008-03-03','2008-03-08 14:29:01'),(128,198,'125.00','1591','','2008-03-01','2008-03-08 14:36:03'),(129,172,'300.00','4656','','2008-03-11','2008-03-15 16:01:13'),(130,200,'125.00','1393','','2008-03-07','2008-03-15 16:04:49'),(131,202,'125.00','15200','','2008-03-13','2008-03-16 13:18:48'),(132,201,'125.00','5125','','2008-03-08','2008-03-16 13:21:25'),(133,99,'775.00','3413','','2008-03-10','2008-03-16 23:13:57'),(135,203,'125.00','7095','','2008-03-18','2008-03-21 22:33:33'),(136,205,'125.00','1622','','2008-03-16','2008-03-21 22:35:22'),(137,206,'125.00','9186','','2008-03-24','2008-03-29 10:17:31'),(138,207,'125.00','4029','','2008-03-26','2008-03-29 12:31:27'),(139,115,'200.00','1628','Yes, received Frank\'s 100 :)','2008-03-15','2008-03-29 12:49:10'),(144,212,'125.00','776','','2008-04-17','2008-04-20 15:18:47'),(146,145,'100.00','9796','','2008-04-11','2008-04-20 15:53:37'),(147,145,'550.00','9688','just $25 more :)','2008-01-17','2008-04-20 15:56:55'),(148,143,'870.00','8230','Paid in full: Thanks','2008-04-23','2008-04-27 17:17:35'),(149,214,'125.00','4546','','2008-04-22','2008-04-27 17:19:14'),(152,208,'845.00','1039','Paid in full: Thanks','2008-04-25','2008-05-03 23:20:43'),(153,173,'670.00','2034','','2008-04-30','2008-05-03 23:22:43'),(154,174,'670.00','2035','','2008-04-30','2008-05-03 23:23:31'),(155,201,'515.00','2040','','2008-04-30','2008-05-03 23:49:35'),(156,124,'720.00','7910','very pretty check :)','2008-05-02','2008-05-10 11:47:51'),(157,215,'125.00','15-800','','2008-05-05','2008-05-10 11:58:02'),(158,88,'387.50','8100','','2008-01-22','2008-05-10 12:24:57'),(159,160,'720.00','2946','split with guilia','2008-05-05','2008-05-10 12:28:17'),(160,164,'720.00','2946','split with mark','2008-05-05','2008-05-10 12:29:05'),(161,216,'125.00','3539','','2008-05-03','2008-05-10 12:31:57'),(162,183,'770.00','4085','','2008-04-14','2008-05-10 14:35:02'),(163,104,'670.00','8343','','2008-05-05','2008-05-10 14:37:09'),(164,157,'700.00','7305','','2008-05-05','2008-05-10 14:38:17'),(165,150,'670.00','1414','Paid in full: Thanks','2008-02-21','2008-05-15 13:05:36'),(166,163,'700.00','359','','2008-05-12','2008-05-18 09:50:17'),(167,128,'720.00','2961','Nason credited as well with other half $1440','2008-05-12','2008-05-18 10:00:14'),(168,106,'535.00','2243','','2008-05-12','2008-05-18 10:05:19'),(169,206,'515.00','9202','','2008-05-12','2008-05-18 10:09:52'),(170,175,'500.00','1658','Paid in full: Thanks','2008-05-15','2008-05-18 10:15:17'),(171,126,'720.00','3541','','2008-05-14','2008-05-18 13:30:22'),(172,158,'760.00','2139','Do you want 3 t -shirts????','2008-05-08','2008-05-18 13:51:14'),(173,148,'720.00','1238','','2008-05-07','2008-05-18 23:05:50'),(174,145,'50.00','9843','','2008-05-18','2008-05-18 23:13:14'),(175,144,'700.00','3038','','2008-05-20','2008-05-24 15:07:34'),(177,141,'720.00','1689','','2008-05-20','2008-05-24 15:09:28'),(178,142,'720.00','1688','','2008-05-20','2008-05-24 15:10:24'),(179,111,'690.00','1421','','2008-05-18','2008-05-25 13:46:16'),(180,155,'700.00','10486','','2008-05-21','2008-05-25 13:47:08'),(181,193,'700.00','6025','','2008-05-21','2008-05-25 13:53:31'),(182,182,'670.00','2265','split check ','2008-05-21','2008-05-25 13:57:07'),(183,181,'670.00','2265','split check ','2008-05-21','2008-05-25 13:57:43'),(184,115,'315.00','1659','','2008-05-09','2008-05-25 13:59:22'),(185,176,'700.00','117','split with Dan','2008-05-16','2008-05-25 14:31:44'),(187,102,'775.00','050','corrected amount/paid in full','2008-01-03','2008-05-28 22:57:26'),(188,162,'770.00','10051','Paid in full: Thanks','2008-03-07','2008-05-30 17:39:16'),(190,185,'660.00','6138','','2008-05-27','2008-05-30 19:06:34'),(191,108,'720.00','12697','','2008-05-24','2008-05-30 19:15:27'),(192,137,'720.00','5517','','2008-05-27','2008-05-30 23:06:49'),(194,125,'750.00','1627','Paid in full: Thanks','2008-05-27','2008-05-30 23:26:37'),(195,116,'650.00','3237','','2008-05-24','2008-05-30 23:56:05'),(196,205,'620.00','1633','','2008-05-23','2008-05-30 23:56:54'),(197,136,'670.00','693','','2008-05-23','2008-05-30 23:57:38'),(198,127,'450.00','1887','','2008-05-30','2008-05-31 14:29:54'),(199,191,'670.00','6131','','2008-05-29','2008-05-31 14:31:32'),(200,169,'650.00','355','','2008-05-29','2008-06-02 22:03:54'),(201,184,'740.00','4901','','2008-05-29','2008-06-02 22:04:57'),(202,132,'650.00','620','','2008-05-28','2008-06-02 22:34:55'),(203,98,'650.00','1011','','2008-05-28','2008-06-02 22:47:01'),(204,130,'670.00','5610','','2008-05-28','2008-06-02 22:50:09'),(205,138,'700.00','7772','','2008-05-28','2008-06-02 22:51:10'),(206,203,'700.00','7121','','2008-05-28','2008-06-02 22:52:03'),(207,134,'620.00','6119','','2008-05-28','2008-06-02 22:53:29'),(208,117,'720.00','1074','','2008-05-28','2008-06-02 22:54:19'),(209,194,'330.00','1112','','2008-05-28','2008-06-02 22:55:03'),(210,189,'700.00','571','','2008-06-02','2008-06-05 17:25:35'),(211,113,'695.00','93602568','','2008-06-02','2008-06-05 17:41:38'),(212,146,'220.00','9353','','2008-06-03','2008-06-05 17:49:07'),(213,185,'10.00','6143','Paid in full: Thanks','2008-06-02','2008-06-05 17:56:00'),(214,112,'720.00','1421','Paid in full: Thanks','2008-06-02','2008-06-05 17:56:35'),(215,89,'387.50','3849','','2008-06-02','2008-06-05 17:58:23'),(216,129,'700.00','193','','2008-06-04','2008-06-06 21:55:23'),(217,140,'700.00','193','','2008-06-04','2008-06-06 21:55:48'),(218,95,'200.00','3171','','2008-01-14','2008-06-06 22:14:12'),(219,95,'600.00','3104','','2008-06-04','2008-06-06 22:14:56'),(220,107,'440.00','2201','David pd in full/$230 for you','2008-05-30','2008-06-06 23:23:44'),(221,109,'700.00','5244','','2008-06-03','2008-06-06 23:24:26'),(222,186,'10.00','7531','','2008-06-04','2008-06-07 15:53:10'),(223,187,'700.00','7531','','2008-06-04','2008-06-07 15:58:19'),(224,116,'40.00','6804','','2008-05-28','2008-06-07 16:44:40'),(228,197,'300.00','7072','','2008-06-04','2008-06-08 00:55:35'),(229,216,'250.00','3552','','2008-05-29','2008-06-08 00:56:58'),(230,179,'690.00','4774','','2008-04-24','2008-06-08 01:00:03'),(231,90,'670.00','2627','corrected amount/paid in full','2008-05-27','2008-06-08 01:04:24'),(232,152,'700.00','20005','','2008-05-28','2008-06-09 14:20:09'),(233,172,'300.00','4671','','2008-04-06','2008-06-09 14:24:36'),(234,154,'375.00','4662','','2008-03-15','2008-06-09 14:29:14'),(235,172,'50.00','4710','','2008-05-28','2008-06-09 14:30:11'),(236,123,'770.00','3082','am aware of no Monday arrival','2008-05-30','2008-06-09 14:46:04'),(237,131,'700.00','1961','',NULL,'2008-06-09 14:47:18'),(238,199,'720.00','1270','','2008-05-30','2008-06-09 14:48:44'),(239,207,'620.00','4062','','2008-05-31','2008-06-09 14:49:33'),(240,202,'650.00','15274','','2008-05-31','2008-06-09 14:50:14'),(241,100,'650.00','2240','','2008-05-28','2008-06-09 15:05:54'),(242,214,'650.00','4581','','2008-05-31','2008-06-09 15:06:32'),(243,170,'125.00','1235','','2008-05-29','2008-06-09 15:07:42'),(245,103,'700.00','1051','','2008-05-30','2008-06-09 15:28:32'),(246,107,'125.00','2178','divided w/ Manhart $250 ','2008-01-07','2008-06-09 15:59:37'),(247,196,'720.00','3123','','2008-06-06','2008-06-10 10:40:36'),(248,200,'700.00','1997','','2008-06-06','2008-06-10 10:41:18'),(249,105,'650.00','1765','','2008-05-15','2008-06-10 10:52:35'),(250,156,'720.00','2227','','2008-05-22','2008-06-10 10:53:21'),(251,133,'730.00','2478','','2008-03-02','2008-06-10 10:54:32'),(252,178,'720.00','1259','','2008-04-22','2008-06-10 10:56:16'),(253,215,'650.00','0','','2008-05-23','2008-06-10 10:57:34'),(254,190,'650.00','704','','2008-05-27','2008-06-11 17:35:08'),(255,194,'20.00','1120','','2008-06-09','2008-06-12 12:30:56'),(256,107,'230.00','2204','Paid in full: Thanks','2008-06-09','2008-06-12 12:32:01'),(257,149,'650.00','1436','','2008-06-12','2008-06-15 12:10:21'),(258,177,'695.00','3629','','2008-06-16','2008-06-19 14:23:13'),(259,168,'320.00','1807','','2008-06-24','2008-06-26 22:07:08'),(260,110,'620.00','3444','','2008-06-18','2008-06-26 22:07:55'),(261,151,'282.50','24','','2008-06-25','2008-06-28 11:04:15'),(262,216,'400.00','86465','','2008-06-27','2008-07-04 16:31:31'),(263,186,'690.00','7552','','2008-07-03','2008-07-06 13:18:00');
/*!40000 ALTER TABLE `payments` ENABLE KEYS */;
UNLOCK TABLES;

--
-- Table structure for table `registrations`
--

DROP TABLE IF EXISTS `registrations`;
SET @saved_cs_client     = @@character_set_client;
SET character_set_client = utf8;
CREATE TABLE `registrations` (
  `id` int(11) NOT NULL auto_increment,
  `year` varchar(4) NOT NULL,
  `user_id` int(11) NOT NULL,
  `first_name` varchar(255) default NULL,
  `last_name` varchar(255) default NULL,
  `street1` varchar(255) default NULL,
  `street2` varchar(255) default NULL,
  `city` varchar(255) default NULL,
  `state` varchar(255) default NULL,
  `zip` varchar(255) default NULL,
  `primaryphone` varchar(255) default NULL,
  `secondaryphone` varchar(255) default NULL,
  `emergency_contact_name` varchar(255) default NULL,
  `emergency_contact_phone` varchar(255) default NULL,
  `firsttime` tinyint(1) default '0',
  `mailinglist` tinyint(1) default '1',
  `donotpublish` tinyint(1) default '0',
  `dorm` tinyint(1) default '1',
  `share_housing_with` varchar(255) default NULL,
  `meals` tinyint(1) default '1',
  `vegetarian` tinyint(1) default '0',
  `gender` varchar(255) default 'F',
  `participant` tinyint(1) default '1',
  `instrument_id` int(11) default NULL,
  `monday` tinyint(1) default '0',
  `tshirtm` int(11) default '0',
  `tshirtl` int(11) default '0',
  `tshirtxl` int(11) default '0',
  `tshirtxxl` int(11) default '0',
  `discount` tinyint(1) default '0',
  `donation` int(11) NOT NULL default '0',
  `comments` text,
  `created_at` datetime default NULL,
  PRIMARY KEY  (`id`),
  KEY `fk_registrations_user_id` (`user_id`),
  CONSTRAINT `fk_registrations_user_id` FOREIGN KEY (`user_id`) REFERENCES `users` (`id`)
) ENGINE=InnoDB AUTO_INCREMENT=217 DEFAULT CHARSET=latin1;
SET character_set_client = @saved_cs_client;

--
-- Dumping data for table `registrations`
--

LOCK TABLES `registrations` WRITE;
/*!40000 ALTER TABLE `registrations` DISABLE KEYS */;
INSERT INTO `registrations` VALUES (29,'2007',31,'Joan','Levers','2024 SW Howards Way, #502','','Portland','OR','97201','503-241-7125','',NULL,NULL,1,1,0,1,'David Manhart',1,0,'F',1,2,0,0,0,1,0,0,0,'','2007-12-08 11:08:13'),(30,'2007',32,'David','Manhart','2024 SW Howards Way, #502','','Portland','OR','97201','503-241-7125','',NULL,NULL,1,0,0,1,'Joan Levers',1,0,'M',1,3,0,0,1,0,0,0,0,'','2007-12-08 11:08:14'),(31,'2007',33,'John','Edwards','5747 60th Ave NE','','Seattle','WA','98105','206 525 4137','',NULL,NULL,0,1,0,1,'Dexter Day',1,0,'M',1,5,1,0,0,0,0,0,20,'','2007-12-08 11:08:14'),(32,'2007',34,'Douglas','Potter','2155 N 128th St','','Seattle','WA','98133','(206) 362-5521','425-706-4932',NULL,NULL,0,1,0,1,'',1,0,'F',1,15,1,0,0,1,0,0,0,'','2007-12-08 11:08:14'),(33,'2007',35,'Susan','Zell','6717 Cleopatra PL NW','','Seattle','Wa','98117','206-783-4336','',NULL,NULL,0,1,0,1,'',1,0,'F',1,8,1,0,1,0,0,0,0,'Hi Trish, I am signing up on paper.  I don\'t have the money right now for the registration fee.  January is the worst time for me, between taxes and a spring show booth fee.  I would like to be in Prentis in the late night wing.  Second choice is Douglas on the shady side of the first floor, preferably private.  I have not gotten a room mate as yet for Prentis.  If you see someone who needs one, like Michele, I would be happy with anyone.  If I kneed to put money down to hold my place, perhaps we can negotiate an amount.  Thanks, Tricia.  I will abide by your decisions.  Hope you are doing well.  Suecello','2007-12-08 11:08:14'),(34,'2007',36,'Roy','Sillence','7508  28thNE','','Seattle','WA','98115-4636','(206) 526-7295','n/a',NULL,NULL,0,1,0,1,'Kirk Fay',1,0,'M',1,15,1,0,0,0,0,0,0,'','2007-12-08 11:08:14'),(35,'2007',37,'Molly','Mowat','824 Shoshone Drive','','LaConner','WA','98257','360  982  4131','360 770 4877',NULL,NULL,0,1,0,1,'Carolyn Moloney',1,0,'F',1,8,1,0,1,0,0,0,50,'If available, I would appreciate being housed in Prentiss Hall.  A double room on the back side of the building would be wonderful (the bell kept me awake) Please note that my address has changed from last year.  Thank you!  Molly','2007-12-08 11:08:15'),(36,'2007',38,'Carolyn','Moloney','2557 35th Ave W','','Seattle','WA','98199','206 285 9163','',NULL,NULL,0,1,0,1,'Molly Mowat',1,0,'F',1,8,1,0,0,0,0,0,10,'Request for Prentiss Hall as last year due to air conditioning/location. Molly Mowat as roomate.','2007-12-08 11:08:15'),(37,'2007',39,'Kathleen','Farrington','7816 40th Street NW','','Gig Harbor','WA','98335','253.265.2571','253.678.9149',NULL,NULL,1,1,0,0,'',0,0,'F',1,15,1,0,0,1,0,0,0,'','2007-12-08 11:08:15'),(38,'2007',40,'Fredericka','Hoeveler','5835 NE 31st Avenue','','Portland','OR','97211','503-493-9529','503-891-9529',NULL,NULL,1,1,0,1,'',1,0,'F',1,12,0,1,0,0,0,0,0,'I would also like to register as a voice student for mezzosoprano/ alto.  I sing with Melody Boyce in ORS in Portland, and I am studying voice as well as oboe.','2007-12-08 11:08:15'),(39,'2007',41,'Richard','Carr','9100 NE 30th Ave.','','Vancouver','WA','98665','360-574-8386','503-418-5685',NULL,NULL,1,1,1,1,'',1,0,'M',1,22,0,0,1,0,0,0,0,'','2007-12-08 11:08:15'),(40,'2007',42,'Gay','Jungemann','27415 94th Ave. S.W.','','Vashon','WA','98070','206-463-5193','206-715-6563',NULL,NULL,1,1,0,0,'',1,0,'F',1,3,0,0,0,0,0,0,0,'','2007-12-08 11:08:15'),(41,'2007',43,'Edna','Dam','14035 - 107th Way SW','','Vashon','WA','98070','(206) 567-5279','',NULL,NULL,0,1,0,1,'',1,0,'F',1,2,1,0,0,0,0,0,0,'','2007-12-08 11:08:16'),(42,'2007',44,'george','sale','5801 battle point','','bainbridge','wa','98110','206 842 7872','206 288 1352',NULL,NULL,0,1,0,1,'Ed Sale',1,0,'F',1,6,0,0,0,0,0,0,0,'','2007-12-08 11:08:16'),(43,'2007',45,'Lynn','Morgan','25752 Gold Beach Dr. SW','','Vashon','WA','98070','206 463-5220','206 930-2352',NULL,NULL,1,1,0,0,'',1,0,'F',1,2,0,0,0,0,0,0,0,'','2007-12-08 11:08:16'),(44,'2007',46,'Claric','Nash','12215 Ridgepoint Cir NW','','Silverdale','WA','98383','360.698.9368','360.990.3648',NULL,NULL,0,1,0,0,'',1,0,'F',1,17,1,0,0,1,0,0,0,'','2007-12-08 11:08:16'),(45,'2007',47,'Bob','Nash','12215 Ridgepoint Cir NW','','Silverdale','WA','98383','360.698.9368','360.990.7821',NULL,NULL,0,0,0,0,'',1,0,'M',1,28,1,0,1,0,0,0,0,'','2007-12-08 11:08:16'),(46,'2007',48,'john','vasko','19411 NE 43rd Pl.','','Sammamish','WA','98074','(425) 868-8540','206-817-5274',NULL,NULL,0,0,0,1,'',1,0,'M',1,12,0,0,0,0,0,0,0,'','2007-12-08 11:08:16'),(47,'2007',49,'Frank','Kenny','2335 SW Briggs Rd Apt 12','','Beaverton','OR','97005','503-641-8547','',NULL,NULL,1,1,0,1,'',1,0,'M',1,14,0,0,1,0,0,0,0,'','2007-12-08 11:08:17'),(48,'2007',50,'Phyllis','Kaiden','P.O. Box 1738','','Vashon','WA','98070','206-463-3810','206-251-8943',NULL,NULL,0,1,0,1,'Jennifer Wilmer',1,1,'F',1,7,0,0,1,0,0,0,0,'','2007-12-08 11:08:17'),(49,'2007',51,'Leroy','Searle','6273 19th Ave NE','','Seattle','WA','98115','206 409 8878','206 5274642',NULL,NULL,0,1,0,1,'',1,0,'M',1,22,1,0,0,0,1,0,25,'','2007-12-08 11:08:17'),(50,'2007',52,'James','Boardman','10619 SW Cowan Rd','','Vashon','WA','98070','206-567-5040','206-999-2897',NULL,NULL,0,1,0,1,'Rick Skillman or Stan Merrill',1,0,'M',1,5,1,0,0,1,0,0,25,'','2007-12-08 11:08:17'),(51,'2007',53,'dennis','latham','1245 Judge Place','','Victoria','bc','v8p2c7','250-385-7104','',NULL,NULL,0,1,0,1,'',1,0,'M',1,26,1,0,0,0,0,0,0,'','2007-12-08 11:08:17'),(52,'2007',54,'jan','Doyle','2668 Mexeye Loop','C','Coos Bay','OR','97440','541 888 5037','541 34724415',NULL,NULL,1,1,0,1,'',1,0,'F',1,11,0,0,0,0,0,0,0,'','2007-12-08 11:08:17'),(53,'2007',55,'Barbara','Saur','353 Wallace Way NE, #15','','Bainbridge Island','WA','98110','206.780.5451','206.384.6724',NULL,NULL,0,1,0,1,'',1,0,'F',1,1,0,0,0,0,0,0,0,'','2007-12-08 11:08:18'),(54,'2007',56,'joe','BROOKRESON','396  Thatcher Rd.','','martinsburg','wV','25403','304 263 2823','304 263 3367',NULL,NULL,1,1,0,1,'Susan Brookreson',1,0,'M',1,5,0,0,1,0,0,0,0,'','2007-12-08 11:08:18'),(55,'2007',57,'Leo','Gilbert','724A 3rd Pl S','','Kirkland','WA','98033','206 909-3245','',NULL,NULL,0,1,0,0,'',0,0,'M',1,20,0,0,0,0,0,0,0,'','2007-12-08 11:08:18'),(56,'2007',58,'Mary','Ethridge','P.O.Box 814','','Coupeville','wa','98239','360-678-4456','',NULL,NULL,1,1,0,1,'',1,0,'F',1,8,1,0,0,0,0,0,0,'','2007-12-08 11:08:18'),(57,'2007',59,'Sandra','Hunt','PO Box 1803','','Rogue River','OR','97537','541-582-0278','541-660-1070',NULL,NULL,1,1,0,1,'',1,0,'F',1,11,1,0,0,0,1,0,0,'','2007-12-08 11:08:18'),(58,'2007',60,'William','Haeckler','1394 Kubli Road','','Grants Pass','OR','97527','541-846-6812','',NULL,NULL,1,1,0,1,'Pamela Haeckler (spouse)',1,0,'M',1,11,1,0,0,0,0,0,0,'','2007-12-08 11:08:18'),(59,'2007',61,'Joanna','Ryan','702 18th Ave','','Seattle','WA','98122','206-324-7923','',NULL,NULL,1,1,0,1,'',1,1,'F',1,2,1,1,0,0,0,0,0,'I would like to carpool (a euphemism for have a ride) from Seattle on Monday.  Will this be possible?  I will send deposit ASAP.','2007-12-08 11:08:19'),(60,'2007',62,'Alan W.','Thompson','W253S6750 Longview Dr','','Waukesha','WI','53186','262-662-4654','414-229-5032',NULL,NULL,0,1,0,1,'Linda Thompson',1,0,'M',1,3,0,0,0,0,0,0,0,'Not sure about Monday arrival, depends on transportation arrangements','2007-12-08 11:08:19'),(61,'2007',63,'Linda G.','Thompson','W253S6750 Longview Dr','','Waukesha','WI','53186','262-662-4654','262-524-7140',NULL,NULL,0,1,0,1,'Alan Thompson',1,0,'F',1,1,0,0,0,0,0,0,0,'Not sure about Monday arrival, depends on transportation arrangements.','2007-12-08 11:08:19'),(62,'2007',64,'ELAINE','lAYNE','249 CORSAIR WAY','','SEAL BEACH','CA','90740','562 431 7448','714 835 2336',NULL,NULL,1,1,0,1,'ANY OTHER ASSIGNED FEMALE FLUTIST',1,0,'F',1,11,1,0,0,0,0,0,0,'','2007-12-08 11:08:19'),(63,'2007',65,'Carole','Robinson','2009 Yale Ave East Apt. 203','','Seattle','WA','98102','206.861.8080','none',NULL,NULL,1,1,0,1,'open',1,0,'F',1,28,1,0,0,0,0,0,0,'If possible please give me an airconditioned bedroom.','2007-12-08 11:08:19'),(64,'2007',66,'Sue','Raycraft','3301 Leonard Rd','','Grants Pass','OR','97527','(541) 474-2091','(541) 659-3200',NULL,NULL,0,1,0,0,'',0,0,'F',1,15,0,0,0,0,0,0,0,'','2007-12-08 11:08:19'),(65,'2007',67,'Glenda','Carper','11740 Burke Ave. N., #2','','Seattle','WA','98133','206-306-7233','206-730-7368  cell',NULL,NULL,0,1,0,1,'',1,0,'F',1,1,1,0,0,0,0,0,0,'','2007-12-08 11:08:19'),(66,'2007',68,'Alison (A.J.)','Newland','2823 N.W. Golden Drive','','Seattle','Wa','98117','206-789-4095','206-567-4454',NULL,NULL,0,1,0,1,'Ruth Williamson',1,0,'F',1,1,1,0,0,0,0,0,0,'','2007-12-08 11:08:20'),(67,'2007',69,'Mary Q.','Clark','4545 Sand Point NE #203','Note change of address','Seattle','WA','98105','206 523 1685','',NULL,NULL,0,1,0,1,'',1,0,'F',1,1,1,0,0,0,0,0,0,'I did not receive any info from you this year. PLEASE note address change above.  I will mail a registration fee today.  Will you kindly notify me of final date for complete refund if cancellation becomes necessary before you deposit my check? Thanks. Mary Quiatt Clark','2007-12-08 11:08:20'),(68,'2007',70,'Robert','Carson','3687 West Blakely Avenue','','Bainbridge Island','WA','98110','206-842-0434','',NULL,NULL,0,1,0,1,'',1,0,'M',1,8,0,0,0,0,0,0,0,'','2007-12-08 11:08:20'),(69,'2007',71,'Donald','Schaefer','2612 S Lamonte St','','Spokane','WA','99203','(509) 747-2631','(509) 747-2631',NULL,NULL,1,1,0,1,'',1,1,'M',1,11,0,0,1,0,0,0,0,'','2007-12-08 11:08:20'),(70,'2007',72,'Roy','Halliday','37859 3rd St','','Fremont','CA','94536','510-792-0402','510-468-7591',NULL,NULL,0,1,0,1,'',1,0,'M',1,28,1,0,0,1,0,0,0,'Hi Tricia.  check is in the mail.  I hope there are some air conditioned rooms left.  best regards, roy halliday','2007-12-08 11:08:20'),(71,'2007',73,'Jennifer','Williams','8109 134th Pl. NE','','Redmond','WA','98052','(425) 881-8435','',NULL,NULL,0,0,0,1,'',1,0,'F',1,11,1,0,1,0,0,0,0,'','2007-12-08 11:08:20'),(72,'2007',74,'Barbara','Broad','12856 Mueller Drive','','Groveland','CA','95321','209 962-7730','209 985-7730',NULL,NULL,1,1,0,1,'Janet Telford',1,1,'F',1,2,1,1,0,0,0,0,0,'','2007-12-08 11:08:20'),(73,'2007',75,'John','Dimond','24203 7th Ave SE','','Bothell','WA','98021','425-806-1479','',NULL,NULL,0,0,0,1,'',1,0,'M',1,14,0,0,0,0,0,0,0,'','2007-12-08 11:08:21'),(74,'2007',76,'Diane','Wright','P. O. Box 424','','Standard','CA','95373','209 533 4988','209 770 4988',NULL,NULL,1,1,0,1,'Barbara Broad, Janet Telford or Abigail Howard',1,0,'F',1,1,0,1,0,0,0,0,0,'','2007-12-08 11:08:21'),(75,'2007',77,'Margaret','Davis','840 Courtney St','','Moscow','ID','83843','208-874-2809','208-882-3532',NULL,NULL,1,1,1,1,'Leslie Wisocki',1,0,'F',1,11,0,0,0,0,0,0,0,'','2007-12-08 11:08:21'),(76,'2007',78,'Leslie','Wisocki','840 Courtney St','','Moscow','ID','83843','208-882-3532','208-874-2811',NULL,NULL,1,0,1,1,'Margaret Davis',1,0,'F',0,NULL,0,0,0,0,0,0,0,'','2007-12-08 11:08:21'),(77,'2007',79,'Loren','Kayfetz','P.O. Box 1324','','Kilauea','HI','96754','8088286424','9255707434',NULL,NULL,1,1,0,1,'',1,0,'M',1,11,0,0,0,1,0,0,0,'','2007-12-08 11:08:21'),(78,'2007',80,'Eric','Klobas','14351 Bagley Ave N','','seattle','WA','98133','206 396-2981','206 362-7245',NULL,NULL,0,1,0,1,'',1,0,'F',1,22,0,0,1,0,0,0,0,'Orchestra time...;)','2007-12-08 11:08:22'),(79,'2007',81,'Abigail','Howard','PO Box 708','`3416 Nugget Court','Arnold','Ca','95223-0708','209-795-5315','209-401-6799',NULL,NULL,1,1,0,1,'Diane Wright',1,0,'F',1,2,0,0,0,0,0,0,0,'','2007-12-08 11:08:22'),(80,'2007',82,'Theresa','Stevens','5941 Farm to Market Rd','','Bow','WA','98232','(360)766-4117','(360) 679-5320',NULL,NULL,1,1,0,1,'Charles Stevens',1,0,'F',1,2,0,0,1,0,0,0,0,'','2007-12-08 11:08:22'),(81,'2007',83,'Charles','Stevens','5941 Farm to Market Rd','','Bow','WA','98232','(360) 766-4117','(360) 426-7803',NULL,NULL,1,1,0,1,'Theresa Stevens',1,0,'M',1,24,0,0,0,1,0,0,0,'','2007-12-08 11:08:22'),(82,'2007',84,'Sara','McPhail','3044 NW Market St., #4','','Seattle','WA','98107','206-393-8912','',NULL,NULL,0,1,0,1,'',1,0,'F',1,7,1,0,0,0,1,0,0,'','2007-12-08 11:08:22'),(83,'2007',85,'Margaret','Jamison','822 Newell St.','','Walla Walla','WA','99362','509 529-2237','',NULL,NULL,0,1,0,0,'',0,0,'F',1,11,0,0,0,0,0,0,0,'Please note that I have a new address.','2007-12-08 11:08:22'),(85,'2008',16,'Robert','Kremers','2020 E Lynn St','','Seattle','WA','98112-2620','206.329.5964','650.245.0496','Carrie Powell','425.653.9297',0,1,0,1,'',1,0,'F',1,20,1,0,0,1,0,0,50,'','2007-12-12 15:52:33'),(86,'2008',92,'Jerry','Purkhiser','1961 Boyer Ave E','','Seattle','WA','98112','2063240782','2063215528','Brian Purkhiser','2068906509',0,1,0,1,'Pat Mann',1,0,'M',1,15,1,0,0,0,0,0,0,'','2007-12-13 12:11:46'),(88,'2008',8,'Martha','Nester','9534 Lakeshore Blvd. NE','','Seattle','WA','98115','206-527-8863','206-527-8863','Eugene Nester','206-616-8588',0,1,0,1,'',1,0,'F',1,8,1,1,0,0,0,0,0,'','2007-12-15 17:03:46'),(89,'2008',5,'Dona','McAdam','119 Crockett Street','','Seattle','WA','98109','206-282-7679','','Dona McAdam','206-282-7679',0,1,0,0,'',1,1,'F',1,11,0,0,0,1,0,0,0,'','2007-12-15 18:42:02'),(90,'2008',96,'Alan','Shaw','2019 Fairview Ave. E., #M','','Seattle','WA','98102','206-329-8125','','Elizabeth Shaw','206-329-8125',0,1,0,1,'Steve Hanks',1,0,'M',1,22,0,1,0,0,0,0,0,'','2007-12-17 12:23:12'),(92,'2008',4,'Gennie','Winkler','3813 NE 190th Pl','','Lake Forest Park','WA','98155','206 324 6689','206 852 6574','Dan Winkler','206 271 1616',0,1,0,0,'',1,0,'F',1,6,0,0,0,1,1,0,0,'','2007-12-22 06:15:39'),(93,'2008',91,'Tricia','Gabrielson','','','','','','','','','',0,1,0,1,'',0,0,'F',1,14,1,2,0,0,0,0,0,'','2007-12-23 17:22:27'),(95,'2008',20,'Morven','Balmidiano','5713 - 285th Ave SE','','Issaquah','WA','98027','425-222-4839','425-213-6492','Ken Konigsmark','425-222-4839',0,1,0,1,'Jeremy Tapp',1,0,'M',1,8,1,0,0,0,0,0,0,'Testing this form for Steve.','2007-12-27 00:44:08'),(98,'2008',239,'James','Meyer','4 Burning Tree Dr','','Yakima','WA','98902','509 576-0487','509 952-4486','Carla Gibbs','208 790-2043',0,1,0,1,'Larry Lee',1,0,'M',1,23,0,0,0,0,0,0,0,'','2008-01-01 04:41:01'),(99,'2008',71,'Donald','Schaefer','2612 S Lamonte St','','Spokane','WA','99203','(509) 747-2636','(509) 747-2636','Ann Glynn','(509) 747-2636',0,1,0,1,'',1,1,'M',1,11,1,0,1,0,0,0,50,'I need to self-catheterize once or twice a day so access to a private bathroom is very helpful.\r\n\r\nShirley Barklind, Sandra Howard and I would like to be a chamber group again this year.','2008-01-01 06:56:18'),(100,'2008',118,'Martin','Birnbaum','68552 Hunter Rd.','','Summerville','OR','97876','541-534-4800','','Alice Birnbaum','206-328-7618',0,1,0,1,'Linda Birnbaum',1,0,'M',1,12,0,0,0,0,0,0,0,'Prentiss, please.','2008-01-01 08:55:31'),(101,'2008',214,'Lynn','Edwards','1605 E Olive St Apt 105','','Seattle','WA','98122','206-525-0039','206-448-5122','Richard Robohm','206-545-1823',0,1,0,1,'Richard Robohm',1,1,'F',1,2,1,0,0,0,0,0,100,'','2008-01-01 09:31:18'),(102,'2008',247,'Cari','Sutton','7540 37th NE #104','','Seattle','WA','98115','206 200 1197','206 680 5722','Jeff Sutton','206 517 4891',0,1,0,1,'',1,0,'F',1,12,0,0,0,0,0,0,0,'','2008-01-01 09:39:59'),(103,'2008',246,'Chris','Worswick','3903 NE 110th St','','Seattle','WA','98125','206.363.2504','206.403.8963','Laurel Wells','206.363.2504',0,1,0,1,'',1,0,'M',1,8,1,0,0,0,0,0,0,'','2008-01-01 10:04:05'),(104,'2008',128,'Sue','Tierney','19450 122nd PL SE','','Renton','WA','98058','253-520-6751','425-755-6384','Betty Tierney','425-235-8918',0,1,0,1,'Alice Rockhill',1,0,'F',1,15,0,1,0,0,0,0,0,'','2008-01-01 10:09:04'),(105,'2008',66,'Sue','Raycraft','3301 Leonard Rd','','Grants Pass','OR','97527','(541) 474-2091','(541) 659-3200','Steve Raycraft','(541) 621-2538',0,1,0,1,'',1,0,'F',1,15,0,0,0,0,0,0,0,'','2008-01-01 10:11:03'),(106,'2008',152,'Galen','McQuarrie','820 Sturm Ave','','Walla Walla','WA','99362-3693','(509)529-7406','(509)520-8666','Marilee McQuarrie','(509)529-7406',0,1,0,0,'',1,0,'M',1,24,0,0,0,1,0,0,100,'Living in Walla Walla, Will commute, but would like to purchase meals','2008-01-01 10:37:29'),(107,'2008',31,'Joan','Levers','2024 SW Howards Way, #502','','Portland','OR','97201','503-241-7125','','','',0,1,0,1,'David Manhart',1,0,'F',1,2,0,0,0,1,0,0,0,'','2008-01-01 11:00:09'),(108,'2008',27,'George','Roberts','14204 177th Ave SW','','Renton','WA','98059','425-271-1993','206-498-5668','Louise Roberts','425-271-1993',0,1,0,1,'',1,0,'M',1,16,1,0,1,0,0,0,0,'','2008-01-01 13:04:16'),(109,'2008',124,'Jayne','Marquess','17343 ne 129th st','','Redmond','WA','98052','425-895-0975','206-940-1899','Pete Sefton','206-940-2071',0,1,0,1,'',1,0,'F',1,15,1,0,0,0,0,0,0,'','2008-01-01 13:18:19'),(110,'2008',186,'Carol','Horowitz','1344 NE 62nd Street','','Seattle','WA ','98115','206-528-6016','206-331-8851','Leslie or Art Jenkins','206-281-8412',0,1,0,1,'',1,0,'F',1,8,0,0,1,0,0,1,0,'','2008-01-01 14:51:11'),(111,'2008',99,'Lori','Birge','110 Wapatox Hills Ln.','','Yakima','WA','98908','509 966-0620','509 834-0797','Ed Birge','509 966-0620',0,1,0,1,'Gail Frost',1,0,'F',1,23,0,0,1,0,0,0,0,'','2008-01-01 15:18:01'),(112,'2008',149,'Tom','Hampton','914 N. 35th St','','Seattle','WA','98103','206 634-2441','206 949-2144','Lauri A. Taylor-Hampton','206 634-2441',0,1,0,1,'',1,1,'F',1,24,1,1,0,0,0,0,0,'','2008-01-01 15:19:21'),(113,'2008',34,'Douglas','Potter','2155 N 128th St','','Seattle','WA','98133','(206) 362-5521','425-706-4932','Karen Brattesani','206-276-4142',0,1,0,1,'',1,0,'F',1,15,1,0,0,1,0,0,0,'','2008-01-01 15:40:56'),(115,'2008',156,'Danise','Still','P O Box 68058','','Seattle','wa','98168','2062445079','2067150115','Frank Still','2069300326',0,1,0,0,'',1,0,'F',1,27,0,0,0,0,0,0,0,'','2008-01-01 19:09:59'),(116,'2008',144,'Doug','Miller','7028 39th Ave NE','','Seattle','WA','98115','206.525.6254','206.276.1020','Jonathan Miller','206.375.3765',0,1,0,1,'Jim Thompson',1,0,'M',1,23,0,0,0,1,1,0,0,'','2008-01-01 19:15:49'),(117,'2008',253,'Eric','Klobas','14351 Bagley Ave N','','seattle','Wa','98133','206 396-2981','206 362-7245','Chontel Klobas','206 409-8743',0,1,0,1,'',1,0,'M',1,22,1,0,1,0,0,0,0,'My mail in form has my preferred email ejklobas@comcast.net, but I could not get that email a valid password!','2008-01-01 19:34:02'),(118,'2008',168,'Barbara','Moss','21481 N 78th Street','','Scottsdale','AZ','85255','480-538-0665','602-680-0184','Merrill Moss - husband','480-538-0775',0,1,0,1,'Joanne Schartow',1,0,'F',1,6,1,0,0,0,0,0,100,'Please put us in Prentice Hall ROOM 220. Thanks!','2008-01-01 19:45:55'),(119,'2008',252,'Terumi','Nakagawa','P.O BOX 194','','Koloa','Hi','96756','808-635-4450','808-240-6456','Dr. Gerald Tomory','808-639-4999',0,1,0,0,'',1,1,'F',1,6,0,0,0,0,0,0,0,'','2008-01-01 20:00:20'),(121,'2008',18,'Gerald','Tomory','PO Box 515','','Kalaheo','HI','96741','808-639-4999','808-338-9424','','',0,1,0,0,'',1,0,'M',1,23,0,0,0,0,0,0,100,'','2008-01-01 20:26:26'),(123,'2008',210,'Karen','Baer','23817 104th Ave SW','','Vashon','WA','98070','206-463-9247','','Rick Wallace','206-713-2843',0,1,0,1,'Gerry Feinstein',1,0,'F',1,2,0,1,0,0,0,0,100,'','2008-01-01 22:45:48'),(124,'2008',23,'JENNIFER','WILLMER','1 SUNNYLAW ROAD','BRIDGE OF ALLAN STIRLINGSHIRE','SCOTLAND UK','UK','FK9 4QD','011-44-1786-833767','011-44-1786-833767','COLIN WILLMER','011-44-1786-833767',0,1,0,1,'PHYLLIS KAIDEN',1,0,'F',1,6,1,0,1,0,0,0,0,'','2008-01-02 06:54:19'),(125,'2008',179,'Sarah','Lewontin','2514 4th Ave. West','','Seattle','WA','98119','206-285-8150','206-972-8070','David Lewontin','206-399-7088',0,1,0,1,'Debbie Kappler',1,0,'F',1,7,1,0,0,0,0,0,50,'would like to stay in Prentiss Hall (isn\'t that the one with air conditioning?) if possible','2008-01-02 07:38:55'),(126,'2008',232,'Bruce','Sherman','8706 26th Ave NW','','Seattle','Wa','98117','206-783-0526','206 784-1415','Shelley Tucker','206-784-1415',0,1,0,1,'',1,0,'M',1,6,1,0,0,1,0,0,0,'','2008-01-02 09:34:43'),(127,'2008',11,'Jessica','Croysdale','12639 NW Ally Elizabeth Ct.','','Portland','OR','97229','5039223000','5039755915','Kevin Croysdale','5039576010',0,1,0,1,'Virginia',1,0,'F',1,12,1,0,0,0,0,0,0,'arriving on Sunday with Tricia','2008-01-02 11:30:32'),(128,'2008',13,'Erica','Hamlin','5148 NE 54th St','','Seattle','WA','98105','206-729-0408','206-832-1102','Nason Hamlin','206-729-0408',0,1,0,1,'Nason Hamlin',1,0,'F',1,7,0,1,0,0,0,0,0,'Check for fees already mailed.','2008-01-02 13:46:12'),(129,'2008',6,'Joe','Boyd','6620 SW Lombard Ave','','Beaverton','OR','97008','503-646-4412','503-703-4298','Linda Keast','503-318-5066',0,1,0,1,'',1,0,'M',1,4,1,0,0,0,0,0,0,'We request air-conditioned housing (Prentiss Hall) near a women\'s restroom.\r\n\r\nAlso, please change my e-mail address to joehboyd@verizon.net and let me know when I need to use that to login.','2008-01-02 16:48:41'),(130,'2008',240,'richard','skillman','25900 Pillsbury Rd SW','','vashon','wA','98070','206 463-6374','','sherene zolno (wife)','206 463-6374',0,1,0,1,'stan merrill',1,0,'M',1,5,0,0,1,0,0,0,0,'','2008-01-02 17:33:26'),(131,'2008',164,'Debra','Kappler','4320 31st Avenue West','','Seattle','WA','98199','206-298-9924','206-374-1121','Tina Baker','425-482-2634',0,1,0,1,'',1,0,'F',1,6,1,0,0,0,0,0,0,'Prentiss hall room share with Sarah Lewontin.','2008-01-02 17:42:16'),(132,'2008',81,'Abigail','Howard','PO Box 708','`3416 Nugget Court','Arnold','Ca','95223-0708','209-795-5315','209-401-6799','','',0,1,0,1,'Barbara Broad, Janet Telford, Diane Wright',1,0,'F',1,2,0,0,0,0,0,0,0,'','2008-01-02 18:02:31'),(133,'2008',187,'Marilyn','Jacobson','912 5th Street','Mukilteo','WA','WE','98275','(425) 353-2346','','John Jacobson','(425) 418-3580 or (425)353-2346',0,1,0,1,'Carol Horowitz',1,0,'F',1,8,1,0,0,1,0,0,10,'Carol Horowitz submitted her registration yesterday.  We spoke today and both want to room together in air-conditioned building.','2008-01-02 21:49:50'),(134,'2008',256,'Marie','Coon','4817 Whitman Avenue North','','Seattle','WA','98103','206-632-4925','','Brian Coon','206-527-5105',1,1,0,1,'Kathy Byrd',1,0,'F',1,2,1,1,0,0,0,1,0,'','2008-01-03 10:33:19'),(136,'2008',110,'Carmen','Jones','P.O. Box 89','','Bonners Ferry','ID','83805','208-610-1408','','Gary Jones','208-267-1799',0,1,0,1,'',1,0,'F',1,11,0,1,0,0,0,0,0,'','2008-01-03 12:47:39'),(137,'2008',184,'Suzanne ','Ruff','4112 NE 80th St.','4112 N.E. 80th /st,','Seattle','WA','98115','206 523-5951','206 523-5951','Dorothy Sjaastad','206 527-6687',0,1,0,1,'',1,0,'F',1,7,1,0,0,1,0,0,0,'','2008-01-03 15:00:05'),(138,'2008',258,'Kathy','Byrd','2307 N 63rd','','Seattle','WA','98103','206-363-5933','206-963-4737','David Byrd','206-998-0788 pager',1,1,0,1,'',1,0,'F',1,1,1,0,0,0,0,0,0,'','2008-01-04 11:21:41'),(140,'2008',257,'Marty','Deer','6620 SW Lombard Ave','','Beaverton','OR','97008',' 503-526-1301','','Linda Keast','503-318-5066',0,1,0,1,'Joe Boyd',1,0,'F',1,1,1,0,0,0,0,0,0,'We request air-conditioned housing -- Prentiss Hall close to the women\'s restroom.','2008-01-04 11:48:53'),(141,'2008',79,'Loren','Kayfetz','P.O. Box 1324','','Kilauea','HI','96754','8088286424','9255707434','Patricia Pannell','808-645-1571',0,1,0,1,'Patricia Pannell',1,0,'M',1,11,1,0,1,0,0,0,0,'','2008-01-04 14:14:41'),(142,'2008',260,'Patricia','Pannell','P.O. Box 1324','','Kilauea','HI','96754','808-828-6424','808-645-1571','Loren Kayfetz','925-570-7434',1,1,0,1,'Loren Kayfetz',1,0,'F',1,1,1,0,1,0,0,0,0,'I am married to Loren Kayfetz, a flutist who participated last year at MMR.  We would like to room together in an air conditioned dorm room.  Thank you.','2008-01-04 14:32:39'),(143,'2008',52,'James','Boardman','10619 SW Cowan Rd','','Vashon','WA','98070','206-567-5040','206-999-2897','','',0,1,0,1,'Rick Skillman or Stan Merrill',1,0,'M',1,5,1,0,0,1,0,0,25,'','2008-01-04 15:02:59'),(144,'2008',10,'Jeffrey','Freed','17716 Densmore Ave. N','','Shoreline','WA','98133-5120','206-280-5205','206-533-2325','Pauline Freed (mother)','856-691-8707',0,1,0,1,'',1,1,'M',1,6,1,0,0,0,0,0,0,'','2008-01-04 15:53:41'),(145,'2008',173,'Joanne','Schartow','8714 W. Pinchot Ave.','','Phoenix','AZ','85037-3212','623-872-2218','602-826-0217','John Schartow','623-872-2218',0,1,0,1,'Barbara Moss',1,0,'F',1,6,1,0,0,0,0,0,0,'','2008-01-04 18:30:22'),(146,'2008',233,'Bruce','Blocher','14202 Bath Road','','Puyallup','WA','98374','253-841-0850','206-662-7737','Peg Blocher','253-841-0850',0,1,0,1,'',1,0,'M',1,4,1,0,0,1,0,0,0,'','2008-01-04 20:44:00'),(147,'2008',59,'Sandra','Hunt','PO Box 1803','','Rogue River','OR','97537','541-582-0278','541-660-1070','','',0,1,0,1,'',1,0,'F',1,11,1,0,0,0,1,0,0,'','2008-01-04 22:23:19'),(148,'2008',12,'Loretta','Tatum','924 Scripps Drive','','Claremont','CA','91711','909-993-7116','909-621-2634','Will Tatum','909-717-9203',0,1,0,1,'',1,0,'F',1,6,1,0,1,0,0,0,0,'single room please','2008-01-05 11:27:07'),(149,'2008',193,'Edward','Sale','13112 SE 19th St.','','Vancouver','WA','98683','360-892-1056','360-798-0464','Edward Sale','360-892-1056',0,1,0,1,'George Sale - Brother',1,0,'F',1,9,0,0,0,0,0,0,0,'Request lower level room and/or near elevator as I do not want to leave my string bass (big and heavy) around where the massage therapists can run off with it again.\r\nthanks','2008-01-05 12:32:23'),(150,'2008',102,'Diana','Koester','2458 NW Overlook Dr','','Hermiston','OR','97838','541-215-0327','541-289-0741','Steve and Cari Koester','541-567-3144',0,1,0,1,'',1,0,'F',1,11,0,1,0,0,0,0,0,'','2008-01-05 13:43:47'),(151,'2008',262,'Rumei','Mistry','5768 28th Ave NE','','Seattle','WA','98105','(206) 729-5784','(206) 390-8720','Arun Mistry','(206) 729-5784',0,1,0,1,'',1,0,'F',1,8,0,0,1,0,0,0,0,'','2008-01-05 14:56:04'),(152,'2008',19,'Virginia','Knight','3203 NW 69TH ST','','SEATTLE','WA','98117','206-850-2761','','Viktor Humeniuk','206-817-0494',0,1,0,1,'',1,0,'F',1,11,1,0,0,0,0,0,0,'Hi Tricia!!! :-)','2008-01-05 15:25:59'),(153,'2008',261,'June','Hiratsuka','733 Judson Unit 202','','Lynden','WA','98264','360-778-3512','360-540-1028','Rebecca Hall','360-201-3391',0,1,0,1,'Whom ever you pick Tricia',1,0,'F',1,1,0,0,0,1,0,0,0,'Board Member - will arrive Sunday afternoon','2008-01-06 11:11:06'),(154,'2008',46,'Clarice','Nash','12215 Ridgepoint Cir NW','','Silverdale','WA','98383','360.698.9368','360.990.3648','','',0,1,0,0,'',1,0,'F',1,17,0,0,0,1,0,0,0,'I would like to play oboe in the orchestra if there is room.','2008-01-06 14:19:28'),(155,'2008',123,'Dale','Lear','705 N 68th Street','','Seattle','WA','98103','206.851.1820','206.634.4597','Lear','206.781.9734',0,1,0,1,'',1,0,'M',1,15,1,0,0,0,0,0,0,'I\'d prefer a single room to being in an air conditioned dorm, but neither preference is critical.','2008-01-06 14:56:21'),(156,'2008',263,'Julie','Gerrard','2120 - 8th Ave. N., #303','','Seattle','WA','98109','206 282-6541','206 282-6541','Leah Gerrard','206-621-1021',0,1,0,1,'',1,0,'F',1,11,0,1,0,0,0,0,0,'','2008-01-06 20:01:21'),(157,'2008',62,'Alan W.','Thompson','W253S6750 Longview Dr','','Waukesha','WI','53186','262-662-4654','414-229-5032','Linda Thompson','262-662-4654',0,1,0,1,'Martha Nester',1,0,'M',1,4,0,0,0,0,0,0,0,'Linda will not be coming. I will room with Martha (her suggestion), if we can get into Prentiss with a 2 room suite.','2008-01-06 22:05:22'),(158,'2008',264,'Karin','Andrews','25862 - 100 Ave','','Maple Ridge','BC ','V2W 1Y5','(604) 462-8145','','Ron Andrews','(604) 462-8145',0,1,0,1,'Sandi Gibson if available',1,0,'F',1,23,1,1,0,0,0,0,0,'','2008-01-07 10:35:06'),(160,'2008',237,'Mark','Johnson','15731 SE 46th Way','','Bellevue','WA','98006','425 641-5468','','Daniel Johnson','425 761-3442',0,1,0,1,'Giulia Johnson (wife)',1,0,'M',1,5,1,1,0,0,0,0,0,'','2008-01-07 14:08:17'),(162,'2008',126,'Louis','Putsche','10421 40th Ave NE','','Seattle ','WA','98125','206 525 7122','','Ruth','206 525 7122',0,1,0,1,'',1,0,'M',1,15,0,0,0,0,0,0,0,'','2008-01-08 11:39:07'),(163,'2008',171,'JUE','PU','343 HIGH SCHOOL ROAD NW','','BAINBRIDGE ISLAND','WA','98110','206-842-7194','206-842-9890','SALLY HEWETT','206-842-9890',0,1,0,1,'',1,0,'F',1,6,1,0,0,0,0,0,0,'','2008-01-08 23:59:42'),(164,'2008',220,'Giulia','Johnson','15731 SE 46th Way','','Bellevue','WA','98006','425-641-5468','','Mark Johnson','425-641-5468',0,1,0,1,'Mark Johnson',1,1,'F',1,2,1,1,0,0,0,0,0,'','2008-01-09 11:55:59'),(165,'2008',73,'Jennifer','Williams','8109 134th Pl. NE','','Redmond','WA','98052','(425) 881-8435','','Tim Williams','(425) 829-2274',0,1,0,1,'',1,0,'F',1,11,1,0,1,0,0,0,0,'','2008-01-09 13:24:18'),(168,'2008',266,'Geoff','Manasse','8236 30th Ave NE','','Seattle','WA','98115','206-985-4502','206-372-3767','Bao Le','206-985-4502',0,1,0,1,'',1,0,'M',1,27,0,0,0,0,0,0,0,'Would you care to trade tuition and registration  (455.00) for photos again this year? Please call if you\'d like to have that conversation again.','2008-01-10 18:47:21'),(169,'2008',28,'David','Greger','3146 NE 32nd Place','','Portland','OR','97212','503-281-1713','503-226-1855','Caroline Greger','503-502-9584',0,1,0,1,'Farwell Perry',1,0,'M',1,6,0,0,0,0,0,0,0,'','2008-01-10 23:26:03'),(170,'2008',170,'Farwell','Perry','2536 NE 10th Av.','','Portland','OR','97212','503-890-2352','503-281-1433','Claudia','503-281-1433',0,1,0,1,'David Greger',1,0,'M',1,6,1,0,0,0,0,0,0,'','2008-01-12 22:47:44'),(172,'2008',47,'Bob','Nash','12215 Ridgepoint Cir NW','','Silverdale','WA','98383','360.698.9368','360.990.7281','Christopher Nash','360-440-6188',0,1,0,0,'',1,0,'M',1,28,1,0,1,0,0,0,0,'Clarice will be paying all fees for both of us under her registration.','2008-01-15 19:00:18'),(173,'2008',267,'Dan','Milligan','110 Bremerton Pl NE','','Renton','WA','98059','425 228 3885','425 736 7986','Denise Milligan','206 349 8640',1,1,0,1,'Shirley Milligan',1,0,'M',1,24,0,0,1,0,0,0,0,'','2008-01-15 19:51:36'),(174,'2008',268,'Shirley','Milligan','110 Bremerton Pl NE','','Renton','WA','98059','425 228 3885','425 736 8457','Denise Milligan','206 349 8640',1,1,0,1,'Dan Milligan',1,0,'F',1,16,0,0,1,0,0,0,0,'','2008-01-15 20:01:24'),(175,'2008',269,'Joanne','Scott','415 South Bonita Avenue','','Panama City','FL','32401','850-276-3469','850-769-1866','Barbara Davis - Daughter','850-276-3409',0,1,0,1,'Diane Rehboltz',1,0,'F',1,24,1,1,1,0,0,1,500,'','2008-01-16 13:22:33'),(176,'2008',242,'Shirley','Barklind','1704 Rounds Ave','','Grants Pass','OR ','97527','541-291-6011','541-476-9026','Nancy Coleman','541-955-0777',0,1,0,1,'Daniel Barklind',1,0,'F',1,11,1,0,0,0,0,0,0,'','2008-01-16 22:09:40'),(177,'2008',160,'Ronald','Ein','3303 S. Holly Place','','Seattle','WA','98118-6455','206-722-0769','206-380-0454','Frannie Ein','206-722-0769',0,1,0,1,'',1,0,'M',1,6,1,0,1,0,0,0,0,'','2008-01-18 14:36:26'),(178,'2008',182,'Cheri','Paulin','20516 Big Rock Lane','','Poulsbo','WA','98370','360/59803616','360/471-0323','William Paulin','360/598-3616',0,1,0,1,'none',1,0,'F',1,7,1,0,0,0,0,0,0,'non air-conditioning and no roommate please. (I like #328 Anderson? I believe. Same room the past two years.','2008-01-19 18:31:24'),(179,'2008',50,'Phyllis','Kaiden','P.O. Box 1738','','Vashon','WA','98070','206-463-3810','206-251-8943','','',0,1,0,1,'Jennifer Wilmer',1,1,'F',1,7,0,0,1,0,0,0,0,'I mailed my payment and form 12/31 but haven\'t received confirmation of receipt.   My check has not been cashed.  Did you receive it?','2008-01-21 02:37:35'),(180,'2008',70,'Robert','Carson','3687 West Blakely Avenue','','Bainbridge Island','WA','98110','206-842-0434','','','',0,1,0,1,'',1,0,'M',1,8,0,0,0,0,0,0,0,'','2008-01-22 12:25:55'),(181,'2008',271,'Valerie','Kavanagh','14929 55th Dr SE','','Everett','WA','98208','425-338-9566','425-949-2091','Ray or Niki Welton','360-428-4752',1,1,0,1,'David Kavanagh',1,0,'F',1,15,0,1,0,0,0,0,0,'','2008-01-28 17:25:10'),(182,'2008',272,'David','Kavanagh','14929 55th Dr SE','','Everett','WA','98208','425-338-9566','425-949-2090','Ray or Niki Welton','360-428-4752',1,1,0,1,'Valerie Kavanagh',1,0,'M',1,26,0,0,0,1,0,0,0,'wife Valerie Kavanagh (clarinet) also registered','2008-01-28 17:34:10'),(183,'2008',231,'Russ','Jones','2901 Morris Ave S','','Renton','WA','98055','425-226-8491','425-793-6538','Hugh Jones','425-226-8491',0,1,0,1,'',1,0,'M',1,3,0,0,0,0,1,0,100,'','2008-01-30 20:46:14'),(184,'2008',105,'Morgan','Brown','1500 NW 118th Ct','','Portland','OR','97229-5020','503-641-2634','','Bill Brown','503-961-2910',0,1,0,1,'Nancy Vink',1,0,'F',1,11,1,0,1,0,1,1,50,'Want Prentiss Housing','2008-02-02 09:17:43'),(185,'2008',273,'Larry','Johnson','7643 Oak Park Pl NWq','','Bremerton','WA ','98311-9175','360-692-2399','360-621-7679','Rita Johnson','360-692-2399',1,1,0,1,'',1,0,'M',1,26,0,0,0,1,0,0,0,'','2008-02-06 11:46:26'),(186,'2008',221,'Ellen','Kaisse','9624 35th Ave NE','','Seattle','WA','98115','206-719-6698','206-543-6004','Gary Roberts','206-719-3482',0,1,0,1,'Gary Roberts',1,0,'F',1,2,1,0,0,0,0,0,0,'','2008-02-13 21:09:45'),(187,'2008',138,'gary','roberts','9624--35th Ave. NE','','seattle','wa','98115','206-719-3482','206-719-6687','jerry neufeld-kaiser','206-523-8024',0,1,0,1,'ellen kaisse',1,1,'M',1,22,1,0,0,0,0,0,0,'have done monday arrival to rehearse with faculty orchestra in last few years.','2008-02-13 21:11:44'),(189,'2008',276,'SUSAN','LEVINE','3605 SE DIVISION ST','','PORTLAND','OR','97202','503-230-0588','','KETZEL LEVINE','503-720-2270',1,1,0,1,'',1,1,'F',1,8,1,0,0,0,0,0,0,'','2008-02-14 17:47:23'),(190,'2008',162,'Clark','Griffith','706 Brooklawn Dr','','Boulder','CO','80303','303-449-1734','206-650-4607','Tom Griffith','503-357-2236',0,1,0,1,'',1,0,'M',1,6,0,0,0,0,0,0,0,'','2008-02-16 18:00:24'),(191,'2008',277,'Christopher','Hansen-Murray','1046 NE 96th St.','','Seattle','WA','98115','206-522-8667','206-992-6527','Jamia Hansen-Murray','206-992-6357',1,1,0,1,'',1,0,'M',1,22,0,0,1,0,0,0,0,'Prentiss Hall my first choice for housing.\r\nNo specific roommate, but would prefer instrumental player, and best would be another high brass player.\r\nThanks!','2008-02-19 00:57:24'),(192,'2008',212,'Connie','Brennand','2038 139th Pl SE','','Bellevue','WA','98005','425 746 4324','','Bob von Tobel','425 746 4324',0,1,0,1,'Anne Brennand',1,0,'F',1,2,0,0,1,0,0,0,50,'I will arrive on Sunday.','2008-02-20 23:19:02'),(193,'2008',280,'Stephen','Hegg','7775 Seward Park Ave. S.','','Seattle','WA','98118','206.325.4753','206.4996550','David Reyes','206.499.6557',1,1,1,1,'',1,0,'M',1,6,1,0,0,0,0,0,0,'','2008-02-21 09:44:29'),(194,'2008',39,'Kathleen','Farrington','7816 40th Street NW','','Gig Harbor','WA','98335','253.265.2571','253.678.9149','','',0,1,0,0,'',0,0,'F',1,15,0,0,0,1,0,0,0,'I will be staying off-campus, and eating no meals.','2008-02-21 11:31:08'),(196,'2008',180,'Sara','McPhail','3044 NW Market Street','Apt 4','Seattle','WA','98107','206-393-8912','','Laura Lind (sister)','763-420-7243',0,1,0,1,'',1,0,'F',1,7,1,0,0,0,1,0,0,'','2008-02-22 18:09:27'),(197,'2008',282,'Robert','Bacon Jr','170 Clover Lane','','Pasco','WA','99301','509-547-7182','509-539-2056','Calaine','509-547-7182',1,1,0,0,'',0,0,'M',1,22,0,0,1,0,0,1,0,'','2008-02-27 11:32:44'),(198,'2008',167,'Pam','McDonald','6056 44th Ave. NE','','Seattle','WA','98115','206-522-6344','206-909-7608','David McDonald','206-623-7850',0,1,0,1,'',1,0,'F',1,6,0,0,0,0,0,0,100,'Hi Tricia.  I\'d be very happy with Douglas or Anderson.  I really don\'t like air conditioning!','2008-02-29 19:28:23'),(199,'2008',283,'Bruce','Lamott','159 Duncan St.','','San Francisco','CA','94110','415-826-7998','415-447-3185','Kip Cranna415-826-7998','',1,1,0,1,'',1,0,'M',1,8,1,0,1,0,0,0,0,'','2008-03-01 13:17:49'),(200,'2008',284,'E. Elizabeth (\"Beth\":)','Summers','3932 Reinhardt Drive','','Oakland','CA','94619','510-531-3106','510-292-8525','Judith B. Summers','707-357-3196',1,1,0,1,'',1,0,'F',1,2,1,0,0,0,0,0,0,'','2008-03-06 10:40:18'),(201,'2008',285,'James','Whitehead','8350 SE 57th St','','Mercer Island','WA','98040','206-236-5170','206-240-4613','Pat Breen','206-236-5170',1,1,0,0,'',1,0,'M',1,34,0,0,0,0,0,0,0,'','2008-03-09 22:18:59'),(202,'2008',287,'salli','sledge','5021 E. Glenngrae Lane','','Spokane','WA','99223','509 448 5155','509 991 1013','mark harris','509 954 9528',1,1,0,1,'',1,0,'F',1,6,0,0,0,0,0,0,0,'','2008-03-12 16:57:52'),(203,'2008',288,'Valerie','Stiles Thoma','2651 52nd Ave SW','','Seattle','WA','98116','206-579-6685','206-932-0808','Georgia Hutchison','206-937-7951',1,1,0,1,'close to Whitney!',1,0,'F',1,1,1,0,0,0,0,0,0,'','2008-03-15 14:45:10'),(205,'2008',290,'Barbara','Clickner','14433 W Stockwell Dr','','Boise','ID','83713','208-890-3644','208-938-4333','Rusty Clickner','208-890-3645',1,1,0,1,'Jan Beckwith',1,0,'F',1,7,0,0,0,1,0,1,0,'I also play the violin and will bring it, but I want to focus on viola.\r\n\r\n','2008-03-16 21:13:04'),(206,'2008',196,'AL','BERG','4579 NE 88th Place','','Seattle','WA','98115','206 527-1784','','Janet Berg','206-679-5923',0,1,0,0,'',1,0,'F',1,34,0,0,0,0,0,0,0,'','2008-03-22 13:08:00'),(207,'2008',291,'Catha','Cowgill','555 Galer St.','','Seattle','WA','98109','206 284-7514','206 949-6179','Nancy Bixler','360 651-8902',1,1,0,1,'',1,0,'F',1,1,0,1,0,0,0,1,0,'','2008-03-24 13:02:25'),(208,'2008',75,'John','Dimond','24203 7th Ave SE','','Bothell','WA','98021','425-806-1479','','Tamara Belgacem','425-486-4348',0,1,0,1,'',1,0,'M',1,14,1,0,0,1,0,0,0,'','2008-04-01 15:35:21'),(212,'2008',51,'Leroy','Searle','6273 19th Ave NE','','Seattle','WA','98115','206 409 8878','206 5274642','','',0,1,0,1,'',1,0,'M',1,22,1,0,0,0,1,0,25,'','2008-04-17 12:47:29'),(214,'2008',296,'Georgeana','Evans','PO Box 1405','','Murphys','CA','95247','209-728-1835','209-770-1836','Gerald Evans','209-728-1835',1,1,0,1,'Abigail Howard',1,0,'F',1,1,0,0,0,0,0,0,0,'','2008-04-21 17:35:09'),(215,'2008',297,'Beth','Carpenter','Box 280','','Creston','BC','V0B1G0','250-428-7498','250-428-9367','Michael Carpenter','250-428-6594',1,1,0,1,'an available room mate',1,0,'F',1,1,0,0,0,0,0,0,0,'','2008-05-02 16:29:46'),(216,'2008',298,'Linda','Pilcher','2708 120th Dr. N.E.','','Lake Stevens','WA','98258','425 3340618','425 501 7383','Ron  Pilcher','425 3340618',1,1,0,1,'',1,0,'F',1,1,0,0,0,0,0,0,0,'','2008-05-03 22:03:48');
/*!40000 ALTER TABLE `registrations` ENABLE KEYS */;
UNLOCK TABLES;

--
-- Table structure for table `schema_info`
--

DROP TABLE IF EXISTS `schema_info`;
SET @saved_cs_client     = @@character_set_client;
SET character_set_client = utf8;
CREATE TABLE `schema_info` (
  `version` int(11) default NULL
) ENGINE=MyISAM DEFAULT CHARSET=latin1;
SET character_set_client = @saved_cs_client;

--
-- Dumping data for table `schema_info`
--

LOCK TABLES `schema_info` WRITE;
/*!40000 ALTER TABLE `schema_info` DISABLE KEYS */;
INSERT INTO `schema_info` VALUES (8);
/*!40000 ALTER TABLE `schema_info` ENABLE KEYS */;
UNLOCK TABLES;

--
-- Table structure for table `sessions`
--

DROP TABLE IF EXISTS `sessions`;
SET @saved_cs_client     = @@character_set_client;
SET character_set_client = utf8;
CREATE TABLE `sessions` (
  `id` int(11) NOT NULL auto_increment,
  `session_id` varchar(255) default NULL,
  `data` text,
  `updated_at` datetime default NULL,
  PRIMARY KEY  (`id`),
  KEY `index_sessions_on_session_id` (`session_id`),
  KEY `index_sessions_on_updated_at` (`updated_at`)
) ENGINE=InnoDB AUTO_INCREMENT=2 DEFAULT CHARSET=latin1;
SET character_set_client = @saved_cs_client;

--
-- Dumping data for table `sessions`
--

LOCK TABLES `sessions` WRITE;
/*!40000 ALTER TABLE `sessions` DISABLE KEYS */;
INSERT INTO `sessions` VALUES (1,'242b0c3284efadad7da43d56c4caa38b','BAh7CToRb3JpZ2luYWxfdXJpIgsvYWRtaW46D2xvZ2luX3R5cGU6CmFkbWlu\nOgx1c2VyX2lkaQYiCmZsYXNoSUM6J0FjdGlvbkNvbnRyb2xsZXI6OkZsYXNo\nOjpGbGFzaEhhc2h7AAY6CkB1c2VkewA=\n','2007-12-08 11:08:22');
/*!40000 ALTER TABLE `sessions` ENABLE KEYS */;
UNLOCK TABLES;

--
-- Table structure for table `users`
--

DROP TABLE IF EXISTS `users`;
SET @saved_cs_client     = @@character_set_client;
SET character_set_client = utf8;
CREATE TABLE `users` (
  `id` int(11) NOT NULL auto_increment,
  `email` varchar(255) NOT NULL,
  `admin` tinyint(1) default '0',
  `hashed_password` varchar(255) default NULL,
  `salt` varchar(255) default NULL,
  `board` tinyint(1) default '0',
  PRIMARY KEY  (`id`),
  KEY `users_email` (`email`)
) ENGINE=InnoDB AUTO_INCREMENT=310 DEFAULT CHARSET=latin1;
SET character_set_client = @saved_cs_client;

--
-- Dumping data for table `users`
--

LOCK TABLES `users` WRITE;
/*!40000 ALTER TABLE `users` DISABLE KEYS */;
INSERT INTO `users` VALUES (1,'admin@musicalretreat.org',1,'d72086f441abd6cf6702163fa926bc072a3d0108','323769600.605584637820531',0),(2,'registrar@musicalretreat.org',1,'de90d0e48c752322a969142af5c512ebe31a896a','323283600.461135761298724',0),(3,'hanks@pobox.com',1,'597be1a1e7bdfddea9e00dfc4885d94a7c34f518','238129195952200.495079990371802',0),(4,'groupw@rocketwire.net',0,'c8b062f79c8ff3fb79e8c88488aedcf0a6ae2c81','236088656365200.923864590450127',1),(5,'donamac@mac.com',0,'a056db53ed596140ff5aa8100774d2eb8f7aa0e0','235759000919600.132072510549345',1),(6,'joeb@teleport.com',0,'58127ec9fceefafa35cdb7122274f9d8b9e130bb','236111436868800.557325853061795',0),(7,'byers345@comcast.net',0,'cba692394117471345afdeab5d2a4b014ed3df9b','238727277295000.184258153539854',0),(8,'mtnester@seanet.com',0,'f6dd55ecd01c1bd18dae90a236a1e71ae9295e1a','235625989606200.324492028478166',1),(9,'ivoryharp@juno.com',0,'6c77f1f771350db9c101d4b39746b4bb27ce9716','239503937347400.188606295454113',0),(10,'stan_byerman@juno.com',0,'3cc0df299da21410146c0d13a4a237e6aefe988a','238198437248000.457289254326269',0),(11,'jessicacroysdale@yahoo.com',0,'8c12dc9187c86fc55eeec746dff6cd8212f4f7f0','236828230374200.430042601587838',0),(12,'stringsrock@verizon.net',0,'0415d4fce6dc2cfa81417821128a5fd8fecb8b91','235353960634400.100408664943025',0),(13,'ehamlin@universityprep.org',0,'ba31e32ad261312b72cd57202b66a522bf7a330a','235353948256400.230395435555877',0),(14,'nhamlin11.@msn.com',0,'ff87c89fba4ef9178cc97811b339438e125b8304','380716900.420965099913673',0),(15,'astock5436@sbcglobal.net',0,'375744a9771f3ccede8e55132587bf2079154cfe','238969586869600.291014858897768',0),(16,'rkremers@earthlink.net',0,'6593198ebd349c4fc5e3c0792381b9b8eb77cf4a','236061234352200.623526440500094',1),(17,'mekremers@earthlink.net',0,'6aeb3e1161f71c86ea74d5966101667d2b535c2a','235701763290600.346678154324091',0),(18,'g.tomory@gmail.com',0,'2e2d3c7114bcc95fd94697e7e59aaa917584a79a','237459909002800.279986189869685',0),(19,'virginia_knight@hotmail.com',0,'687e5a4cfda09e1e9410fa52eb94202bca2f8352','235667324883200.925973665762718',0),(20,'warmsun06@gmail.com',0,'19388b00cc53b5fe7fa809447ae9916cf25b6f0c','235822949927800.0104898107832156',0),(21,'chris.worswick@comcast.net',0,'b285c430bd24bf70623c996e11297f048009bfd8','234671167470000.886485736502382',0),(22,'jill.bowers@doj.ca.gov',0,'e7d0c14e319fc372a9476ef1fe5ae78adf921efa','235353952599400.684365886849957',0),(23,'jenny@jwillmer.fslife.co.uk',0,'49eb4a785e9357f2f896688adfb3ac2e2e22252b','235205966011200.448056507504918',0),(24,'simori@charter.net',0,'c08bf290fc91725be5dd48a82ba4c27d4c0434b1','235496685345600.326578840235748',0),(25,'mkidder@ohsd.net',0,'1a0c84328dfe15a54ff0780edb7f196182e25efb','234671175805400.124758181505563',0),(26,'ginamer04@yahoo.com',0,'b50ce9e32b320331ad688847ccfab6ab4589021f','235667321936000.66052981390293',0),(27,'georoberts@comcast.net',0,'b315fa356775dbb73c180d02270fcdc45cc8b305','238969582526200.685394480277529',0),(28,'dcecgreger@aol.com',0,'9bed85f1e1c3797ec72a268c3eaafc5d769595ff','238198435802600.501869497317513',0),(29,'nekoviolin@gmail.com',0,'2c3c9eedc6cd658ce5ae5208c8d9587d0c673d5e','375738200.78911039836739',0),(30,'tacook@hotmail.com',0,'cdd422a06979a70af8b130afb2670ad0bc867f3b','374829200.725113608529564',0),(31,'levershart@comcast.net',0,'f191059b79555e9242d2ad8eea6dbb359869ac07','239700836653200.478344087321434',0),(32,'dmanhart@tnc.org',0,'6049eb0a9db5ec321440f2879c2ced5fd1b4f5ba','373042900.163500316875266',0),(33,'hardsnow@u.washington.edu',0,'8fa20a6289bacc228b4874a331b84e62c3e7ae80','372176500.637279222781324',0),(34,'doug@conicwave.net',0,'c08aca7f1d52d49e5316e1dc66ca45e392d64e3a','238510971902400.0350837263458799',0),(35,'szell41534@aol.com',0,'949138310c1b81b80013197df772309c44d5db02','234671166021200.0902666585021044',0),(36,'royzee2000@hotmail.com',0,'cb774ff4043d52ec0f6bbce7fd3f4cf05d75b629','238601412299200.719271969535099',0),(37,'mmowat3885@aol.com',0,'9d53c0f7c3dc5491cb2f1189aad80a81fcf92923','379120900.554128293546232',0),(38,'moloneyc@comcast.net',0,'3f2a40d224102b88e9142aefbb95d6bd653e9e6e','378048500.625068539588352',0),(39,'kfarring@harbornet.com',0,'2ba327ac3aeb25dfcdc70c50a54ff0e0f14c64fa','239573095174200.833170520813905',0),(40,'krishoevelerpsyd@comcast.net',0,'3d998312f59bdf4b39f609f7b6fc2e247e3ebf1a','235667325926200.59907336713301',0),(41,'rcjj@comcast.net',0,'ac40fd8a63b2ece51cad587a82e78de626802f0d','237558447152600.153066186812263',0),(42,'oldisle@centurytel.net',0,'76b23f27c067aa084177790b0afc8ec54d682c36','234820000535400.449429339292921',0),(43,'eadnjd@comcast.net',0,'b95283af57616d0015e6a1a2e38496ae7f4b5c95','239871721466600.157162957147077',0),(44,'gsale@fhcrc.ord',0,'5c01f9eeefcfabb4a986d9a8e9ab58f89685e492','372270100.00741953899839298',0),(45,'morganford19@yahoo.com',0,'19f6f3228e02c2a05472bf8a8c61fde84c76058b','235701761845200.17932490283081',0),(46,'flutetooter@wavecable.com',0,'47f5595d51b45e751446fd915872344865279119','238969587178800.902938565477317',0),(47,'nashvilleslim@wavecable.com',0,'a60df929309dec2fa4f4f3c3e6534e684649df09','236444030233400.445730554690739',0),(48,'boanerges@comcast.net',0,'b5e6027dafc655ecc36510aa9ce0b25557f759bb','235667323011000.644583315651036',0),(49,'Frank314@earthlink.net',0,'b5d6c1e94c6c4c209f4e7c49af43323b9d33b044','238510976209000.740405676130756',0),(50,'pkaiden@yahoo.com',0,'331341757a2d1c8da5b9acd727aa048a22e3195c','238464425841000.604492164145211',0),(51,'lsearle@u.washington.edu',0,'0e716cf39582cc5ce06b21a22b3050c3cf5c02a1','237478977816800.796147294536603',0),(52,'jboardman22@gmail.com',0,'51017ccabe150aa33c99b44ef0ec47a3ae139484','235967790683200.561207421029004',0),(53,'d.latham@shaw.ca',0,'64f427730ddad9377bda26e40a710496600d01bd','238721891007800.208377686275339',0),(54,'janherbertdoyle@yahoo.com',0,'704cdd9b5fa4cae380891755c4db3c51c05727bd','235667321166600.402081113513986',0),(55,'sbarbara@comcast.net',0,'67d886891db0812597cb958edab42cb1a16d662f','238515528983600.0166546236180272',0),(56,'brookre@earthlink.net',0,'00c587c051e19ce2f16feb0b2378b1b9eda6a6b9','235967789214200.947570268095263',0),(57,'leog@u.washington.edu',0,'a1c5715407d00eea74a26de8fe5d7938100ad154','382889100.662198437076363',0),(58,'marbil678@comcast.net',0,'a9d2410be82409aa0defb24954a56b8f501c2941','381381500.948008563119638',0),(59,'thehunts@starband.net',0,'890d7632fe655302b1b8345e0efae6bbbcfeed2b','235667329267200.950065107441834',0),(60,'beepee2@hughes.net',0,'93aacdc6cb3d371948c941a1215270ae265c1fa3','378228100.0424170823901934',0),(61,'joanna.ryan@att.net',0,'f19f3dfc0b8f9903cf49588e3fb9c994903b855b','377036200.568393173776506',0),(62,'athomp@uwm.edu',0,'496cc5e285c82877bbfe0676a8067163385b253d','235967801045800.287566489196442',0),(63,'lthomp@cc.edu',0,'2df3ee8d78df54358b31ef517818fb6283bc9f53','238099319621400.0203052071665173',0),(64,'SBEL@MRCORNER.COM',0,'aaf4c28c30e0d3729be1f7c61eaae3811dfb9730','235667323437600.792010290750963',0),(65,'cjoycer@comcast.net',0,'83cf064808b4afbd7c4a4d6c27a88e8f25eeadb1','239648692429800.769655808212967',0),(66,'susieray23@yahoo.com',0,'025c1dbbbb82fbecf2054d73b44a247c9e7a0f1a','237468543685400.0887255204033329',0),(67,'gycwash@juno.com',0,'db5e36448ba16c97446743c9e86b4e5a39c60e6f','239503933011200.171950857019581',0),(68,'anewland@seanet.com',0,'99544d4cffd8a6aac12ef7346f25c451d8007490','370579700.786423017175563',0),(69,'bobandmaryclark@comcast.net',0,'6dda7c87e35a3bfb7da634e7526a08931c1b803b','381553600.778057252633125',0),(70,'rob.carson@thenewstribune.com',0,'020fe99a9db45eef0d5c7fac71ee44e85ede626b','235005714100200.17231321216216',0),(71,'dschaefer@sisna.com',0,'c5a9b04ec15758e5d52450c62636327f39549267','238999162763600.822425571635186',0),(72,'royhalliday@sbcglobal.net',0,'74a787871797add366652794324d86a4d02f1243','239503944846000.355924938796465',0),(73,'jenwill@BSharpMajor.com',0,'79a253086f1421b5569c5f490f6373c81de49da4','236325561897000.671502811776321',0),(74,'bbroad@aol.com',0,'538ca5f5a3a6735ac05401a4d33b18fc99171a03','234819992160600.793585055038631',0),(75,'johntheoboe@yahoo.com',0,'0cb14cee1c3076911645a77044db7a37ae410470','236379025263200.0752507962377066',0),(76,'dwright@hub3.net',0,'df49d0f8da774815f0113dbce4ff031d51e95874','239871715521200.23854855715869',0),(77,'madavis@vetmed.wsu.edu',0,'37783181c1710e7717bd0c41c93476293ee126cc','372527100.582291510888475',0),(78,'cat317537@yahoo.com',0,'078be3209b21a37a28e2abf030468f3f2ccc75c8','371661000.664314630644133',0),(79,'lkayfetz@personalfinancial.net',0,'4301e5988322d62c8843a48b3220bdefc31cfd8b','235667326352400.0553731688199606',0),(80,'ejklobas@comcast.net',0,'c546585b0e15e3bf17e19646ae7506dbbf0d028e','238998075008400.666614659174006',0),(81,'abigailhoward@goldrush.com',0,'5bb0d4fc0682abe915c264b7ceb743e89e234579','238515539345800.43888460244969',0),(82,'stevenst@wavecable.com',0,'85ed933fccca85dd58f44edc2fef6f9b5ce91e55','378598500.15703012111736',0),(83,'stevensc@wavecable.com',0,'15d28886f0f4ea357776ca61d3845453375f9202','238721893342800.437843800447574',0),(84,'saram@greenbusch.com',0,'90ff3e33ef359bd567ddd3ca5652035d9f3d0476','376328700.535283757872518',0),(85,'mgjamison@msn.com',0,'2b6d0abda147f1f4a19a08dc49725d5a5f1ee9ce','375307000.386303982567946',0),(86,'auntiemlt@msn.com',0,'7b0cd074033ee61ca9b439c00a4aa05f36e487af','238515536303600.602451878793694',0),(87,'garryana@msn.com',0,'6a71a816c1927915b6a8acf9daedc7aeca506827','235967796464800.277587274564203',0),(88,'ggilvydis@gmail.com',0,'fab262d292a36b1c1de35e4a25ab77c6f73bcf91','238727287030600.988525487019956',0),(89,'nekremers@earthlink.net',0,'04b9cc58e6a6227fdb1dafb879b57215abfc40e4','236104852747200.0449558007558525',0),(91,'tricia616@msn.com',1,'4eb97ad32924cfb7e1c738820340c833f8dcea0b','234610947549800.345279932738275',0),(92,'gpurkhiser@msn.com',0,'b46429cd47162fa1907f3899d58853b50fdd4aa9','239223465854800.951481472165731',1),(93,'margynewton@comcast.net',0,'17fb87fc8cd94b8892b6114ff2c92eb3570f84ba','238510974793600.0867828967440539',0),(94,'sunmarkk@issaquah.wednet.edu',0,'fc355b33140b185d351be9646ddd5d4d8ca045ed','239503938796200.428477910306381',0),(95,'brantallen@earthlink.net',0,'383ab6cf8c3bba9e3a7d6201991b28a771a643c4','238721896776000.374159298366017',0),(96,'shaw@cs.washington.edu',0,'39b6e34e1332d96958c98d4664d8edde5997bc92','239689072830200.634994389592223',0),(98,'rumeimistry@yahoo.com',0,'23b5580e6c9d5ac522abb4ce9ec9d58f30cd6c60','235732746493400.11682568371496',1),(99,'lbirge@msn.com',0,'4e788bf3c51b72946514a0dd174668991e213c13','700442092686000.0181886802820272',0),(101,'steve_h@pobox.com',0,'6186de7bcff8968c00f19d91aee0f64dbebc94a2','234958796613400.0839724072419226',0),(102,'isthra_cougar@hotmail.com',0,'4b0c47f9176f813781ad79885a62a204bfc172fa','235989898348400.744134073862011',0),(103,'dorimed@hotmail.com',0,'e5b1a70fe484a7727ffc2f5ba31edab96003e39c','235667329842400.953839597921674',0),(104,'christopher.borland@comcast.net',0,'1bdd9656e5b6b49bd24ed7106100494985ca47b4','235667326951600.794952442820865',0),(105,'mmbb@teleport.com',0,'e4b04a265bb42b30906d2c59bd8c94fa382d2486','235667325502800.932343987728538',0),(106,'kristiegab@aol.com',0,'62539fa6e379bc2cb8d00692d3db4b14f923dc95','238462296594800.932456298258311',0),(107,'flutetunes@yahoo.com',0,'e0fcfd3296483cf26817b2e70d268eac992e80a2','235667322612000.711526887004957',0),(108,'maryann@ekmanlaw.com',0,'c9a3a2e8c5d5b2eb19f31ccb5bc3f003b57bcd7c','235667332393000.856167623751479',0),(109,'bafrazier@gorge.net',0,'977473e16632ada68e0b45c9d7a3fd77421ffc5f','235667330713000.0586245261117156',0),(110,'arabowner@meadowcrk.com',0,'178acea82532c8f0807a038d6744a9cdd5cfc4f7','239322383924000.106144957464838',0),(111,'jdruby@pyramid.net',0,'f8b005b7badd59d2ff3d57b0370910f6071d6e03','235667333818800.434484220104815',0),(112,'abesant@earthlink.net',0,'cc3d2f82199cb26b370527ab6855da01f73fe873','235901457939400.379174144410724',0),(113,'bflute@gorge.net',0,'5c753b48f06e7fd3ec6400a71fd923a80ca8672b','235667328817800.950327301154287',0),(114,'csutton@comcast.net',0,'829dd160fc277c1136cf4c4a79cdb9d04130c156','235667324456800.752038045833718',0),(115,'bugni@seanet.net',0,'57e710a04fae0e996f27b9dac92fab7b25ba3985','235667321510600.323142388421424',0),(116,'hiestand90036@yahoo.com',0,'30d0f2d8de876264eec819634b80c6926969a498','238510980367000.286913233331258',0),(117,'lesley@lesleypetty.com',0,'046444fd675d8c62e60d4cc7056bfd9fdd1a6160','238510977654400.261640434864787',0),(118,'birnbaum@uci.net',0,'c6719e2ad4674c033d6c6fb2b96e76c92595e3de','236989928887200.782451166660866',0),(119,'marionf5@earthlink.net',0,'78d4d6fd0034663091d6a3f3854ab78470463345','238510970380200.682516361472244',0),(120,'sharifisher@seanet.com',0,'0aacd0eaf5f64e02d8c515b3de5705efdd89ffb4','238510983084600.825205783878608',0),(121,'ehybertsen@ucsd.edu',0,'59f706f6ac90779e66a385fe364c905e7e26e4fb','238510980862800.677592709688622',0),(122,'orajonasson@hotmail.com',0,'072432a14938d90d38b369feaab63a06644cabc0','238510979223200.416354139926199',0),(123,'dalelear@mcneel.com',0,'640548b591a65443263ad05995beab4b198b0b66','234668837419800.85635176759283',0),(124,'njmarque@comcast.net',0,'592b1f154cc873d612df819b30e23e2a1a19fc71','235037631598400.352270264747107',0),(125,'heartbeats@nventure.com',0,'39da1480978f2daa39e546523c8c1d31e1e7e991','238510973348000.662298038526365',0),(126,'lrp2@aol.com',0,'1643ee0964694f262aeb89a9630bb26624fdfe6b','238510970279800.74520915755432',0),(127,'diane.rebholz@seattlechildrens.org',0,'903f54e799457dbea1a14ecaa9859af94db4773a','238969586832200.743126385799305',0),(128,'suecdc@msn.com',0,'e092992539231fc302062d6a6efbc459c0ce26fb','236353076335200.997052874601825',0),(129,'baderd1@wavecable.com',0,'5107408702155170bcb1eb7ae3b0d1db040d8aba','238969581080800.275267492055698',0),(130,'bahbdash@wildblue.net',0,'97e4949bc65c742eb95eea8682f77a63621cf133','238010607381200.380552902310939',0),(131,'saxmannpj@comcast.net',0,'b95f3c43e270d88a32467c7a41662ca8dd98b0c4','238969578190000.891000873359699',0),(132,'loeg@u.washington.edu',0,'a535eb3a66c079acb5ff93bf1343b4377566e6d7','238969576744600.769234545443703',0),(133,'familyband4@earthlink.net',0,'95dae152db0052fd9e1bbb6e25799b9de89b4c59','238969589376600.0152875472307863',0),(134,'hgdeetz@teleport.com',0,'bede1eb22b4201981425c8ad3bed1e42f4639c4a','238969585515200.387795595195287',0),(135,'jdial@post.harvard.edu',0,'3cb1a21b9fbb4eb9ee62711826c56ea804b6bc17','238969583977000.460633887227345',0),(136,'jifeil@hotmail.com',0,'08641e8f18d23d91cc354666f73d518bb8381398','235005232760600.483900137295692',0),(137,'rbhudson@comcast.net',0,'f758f031dadcdad36b58ef9572d2c4d79a8f3a77','238969581082400.190846033479854',0),(138,'gw.roberts@att.net',0,'d1898df6781ec27de8a2b5c9cb0e47b311f8c095','238969579636800.661996312266794',0),(139,'jane.baird@comcast.net',0,'e23d2305f1754acfab7933a21a0ee4232c2c384b','238969576707000.444531523001879',0),(140,'jahornplyr@mailstation.com',0,'3742be6f78f2ed0c90eb5198b6915bdc253a82f4','238969588938400.0239794716685675',0),(141,'harryf07@comcast.net',0,'027615075d3eb993190069c15d7ee2c2be227549','238721901363800.704038561608639',0),(142,'sandiyakima@yahoo.com',0,'a1a13304b2d46fadc10bd0c848b35dfbeb3dca7d','238721897672000.878097551226443',0),(143,'llee334@comcast.net',0,'81e7f4eef4e7e4934bb58142ed39bc70cffc7df4','238721896226600.518022193146337',0),(144,'millerjed@comcast.net',0,'34c488f63bc2df8d5ed70f48a3ccc8c83400aec6','239730579052400.438072112934571',0),(145,'jlmthomp@verizon.net',0,'80542951ad2ae61c6be3d9c266557f472048d3fb','238721893335800.676901420621928',0),(146,'karen.a.tyree@boeing.com',0,'1e949d2749201426ea205ec02819d07342c6813b','238721891890400.942879522347225',0),(147,'rpwitherspoon@comcast.net',0,'16e7b9ebf1ee018cf49849f9f595a9c14feca9e3','238721890438200.756660993436528',0),(148,'eccollins@msn.com',0,'57f4ddb2dfa1396df753a22032706a5749ed71d7','238721888992800.509144954422611',0),(149,'tom.hampton@worldnet.att.net',0,'1442a648aa9b82baf61454f3a4418d5faed6ce99','238721900888000.631071429801565',0),(150,'dh5hend@wavecable.com',0,'54d57340c97c14ba66a04a99c575a3356e1b65d7','238721899217800.770519123624024',0),(151,'andreakingcoj@earthlink.net',0,'b9e9517e16667c510f7a3d9a2585d79566ca1392','238721897679600.516459647260009',0),(152,'gsmcq@pocketinet.com',0,'2cee7becf625fc0ccfab5da862d5a264f7fda5c5','239248851065800.950511871340464',0),(153,'jvscott@yahoo.com',0,'eb3db26b537c96d9e1214b31ce516f4a58959bfe','238721894788400.360724487341654',0),(154,'geoff@manasse.com',0,'d530c273f3ab2f03459d33c620a493a460ddafd0','238721889509800.943894553930273',0),(155,'russelljim@comcast.net',0,'21196dd6c1c87e9b9a3d4cf8c53a039e0992e455','238721901791000.84976823486775',0),(156,'ireneburt@webtv.net',0,'6489618228aaa8551982ca817c4a2e10ba940fb7','235743680096400.913128361874714',0),(157,'arzettav@gmail.com',0,'d5edc2257286c4cc2c5079ac832d6de1ca38029f','238721898222000.480562192487018',0),(158,'dclark@dcmt.bc.ca',0,'489e8837eae6cc786bc4ec710008a151c277cd33','238198443036400.769618206516109',0),(159,'ycolpitts@earthlink.net',0,'a681ad92f01222bdb7f5efb257d0b87282be95e3','238198441587600.124740398492182',0),(160,'ronaldein@comcast.net',0,'37504b01eeec5fbef9f4f18bd029b7145685981f','238198440142200.318555136411098',0),(161,'kirk.fay@comcast.net',0,'534a976c604448e7314d0d5e3d045e80a1b4847a','236364477852000.277270371694105',0),(162,'wclarkg@gmail.com',0,'9f28eafc3e151ad8d64d7b40836d8eff359cd9cb','238198434357200.93592129157642',0),(163,'rvhoyle@pol.net',0,'94f0647dc960df802b5b3635af0781b61a63e19c','238198446280000.752759204923334',0),(164,'d.kappler@comcast.net',0,'618316e80625563f337b810e7a723d656de1ea89','237164405971200.855950413247755',0),(165,'leslierollins@netzero.net',0,'93fb6fdf34c5a44ef343d08a39dffa69390fd04b','239502230389200.814079322052176',0),(166,'ammatson@earthlink.net',0,'109dbebaacf7e92af8c9d58bc4e2ed7cfd4bb85c','239502226697400.984456616206789',0),(167,'mcdonald.pamela@comcast.net',0,'654cd502d8fff3462b7fa12084d9725a709c03e3','239363246058200.110428889243838',0),(168,'bmoss@mossandco.com',0,'54a6073821da27ac28b352b9bbea9dbdee163590','236511852160600.263729623567745',0),(169,'gppalagi@aol.com',0,'c95cb506a9ebe867f8193c800665ce7a1b0e3693','239502222357800.421104304270857',0),(170,'farwellp@yahoo.com',0,'ed5bb2765b3ed0a6aaae994f31131231ce2b8a5e','239502220912400.537621035314653',0),(171,'juepu99@gmail.com',0,'fb30b5fabfdf45b13dc9dbb7cf37c75953baf814','698414386737400.58513528229694',0),(172,'gsale@fhcrc.org',0,'b755a4acc156fa262cd73830e761fca2297d05f0','239502218021600.605670401352111',0),(173,'jschartow@cox.net',0,'3b4121be7cb045e66a7122d5f535997a3bc2d295','239502229898400.397522156183966',0),(174,'jtapp@nsd.org',0,'a90eb4ecdc64a49ea2151cbf233209ed7a337bb0','239502228243400.237003528994151',0),(175,'vinkn@ohsu.edu',0,'58acf25143d7c8baa9bde64441159b32b49ed536','235353956942400.653868965767675',0),(176,'rmbeck@telebyte.net',0,'ac40a88ac8c8a72ebf93f60fef6d5e2cc9c7e4ad','235353954044800.4486559886867',0),(177,'hbfisheraz@yahoo.com',0,'e185d664eb69d0c5cc2d1d65efe18eb15d21c230','236953584578600.585359611314576',0),(178,'rgorak@earthlink.net',0,'e6eb17dd7bec0a59c158e83a675f612d10a4d26a','235353949701800.815924284274847',0),(179,'slewontin@zipcon.net',0,'2a6f8ae7420743e2c530063bae35af3e4de141f7','701014536289800.919533054316384',0),(180,'saraem13@hotmail.com',0,'84cece0682b9da51230d10653c1d83b56426dd44','235856145242000.441873193135157',0),(181,'mmmusa33@yahoo.com',0,'6a46016c19c5e58d35753c904eed95927e82b9c9','238727284525400.586243695184822',0),(182,'cheri@agentsupportcenter.com',0,'37685d28ed60ed1ed96d8be041c736963bd0833a','237300276658200.310730968561434',0),(183,'smoov_sailing@hotmail.com',0,'bd1efafab00f503e50b65896c6f6470d9c42a810','238727281634600.45196698944669',0),(184,'suzruff@mac.com',0,'c70ecdedf6bc3da0953456892771d727ef5ff941','238727280189200.708557211865247',0),(185,'robbie.sherman@polyclinic.com',0,'a15a760e95db0edb73529a18b2bc20cc96038636','238727278743800.207406618746278',0),(186,'chhorowitz@msn.com',0,'8276ec50bbf541d4f94f945315baf22c4dec854b','237706597253400.0273594397456511',0),(187,'majacobson@verizon.net',0,'6f4be3407ba518436d5236e0937f1b4a046bbc9e','235625791411000.041140435174749',0),(188,'sweetwater50@juno.com',0,'106c30d0e02771da01f29d76f760cf23aff26f48','234671173255000.0953444582980324',0),(189,'leyman@rockisland.com',0,'d21cd0ea231dbdbc58422f0f7fd97f8d0731c7dc','239130990421000.251024770404791',0),(190,'annpar@gorge.net',0,'2929ecfbc7d6c550ce2bb7b5b7b4e30be8d3fe62','234671170364200.814091542436587',0),(191,'schick@phys.washington.edu',0,'bb75521e052cf40a3e8eb26af06ce2fde0144aee','234671168918800.892480281727573',0),(192,'lemnfish@hotmail.com',0,'f78a100102293b7507ff09c98377a9fc3a7e0e67','234671177750800.524652371682051',0),(193,'edwardsale@comcast.net',0,'0288a36786820f14c1a35f997ab289f47a8d7fb9','238285777796600.502448496123759',0),(194,'jdmdseaside@aol.com',0,'2345c720c87f1d7ea39a3236fd2bb14af04897aa','239130986729200.245816777062513',0),(195,'tg@samishpoint.com',0,'c0d0f552919738f276e1999efcc2bf7a683e8b56','239130985283800.785315380978823',0),(196,'ajcberg@sprintmail.com',0,'e3ea1df91028b8bf3231324a5932f43ce9982bc6','239389248435800.399578542352886',0),(197,'gayleandchuck@netzero.net',0,'61671e9133285a0b03427ddec571abd704b40144','239503934456600.696514218309534',0),(198,'mqclark@comcast.net',0,'a8c9a46035c23e4a6f5ef73ad2e81bdc9c1c615c','239503945657800.689920143411152',0),(199,'rainshine@centurytel.net',0,'2a76ff5b987801d102ec41dfd0db7b5fc227e44e','239503943442000.65999974887965',0),(200,'junehiratsuka@peoplepc.com',0,'b7ce93af736515ce6ac938d21d318f8260e2fcad','239503941799000.258669552708589',0),(201,'mhudson@seattleu.edu',0,'99e95c82d8435dd0722edd932b6d678f93f80640','238515534765200.475606671169649',0),(202,'dmeconis@gmail.com',0,'7ed257684b2896b320a32eb808974120bc7ea78f','238515533319800.701218697388867',0),(203,'anewland@seanet.net',0,'044b9ffff1bb513af58c8cc3f4b92ce38535ee14','238515531874400.350989648546931',0),(204,'prosalli@hotmail.com',0,'cb2b64a5b1dcbc3ebccb40483c336f5473e64bb5','238515530429000.24176580530059',0),(205,'cds00147@yahoo.com',0,'f25f7e6a861bf24bf2bbe66a592bf677be8a02b3','238515527514600.94156408968543',0),(206,'stevenst@savecable.com',0,'c708f371b8d7ac99aca169b18f805cf8960f219f','238515540148000.0395106346920246',0),(207,'jtelford@musicfortheloveofit.com',0,'a04b96c850b00e091815e261b090f652a7e4056b','238515537946600.636990248788784',0),(208,'willrek@seanet.com',0,'f018a8feb8c9006776522aa56374fd8c5b550d8b','234752874094600.274239332995712',0),(209,'mary@swallowbarn.fsnet.co.uk',0,'8ee262f5b953b22b6744c6de38166690f9790827','239871716973400.0103432514546445',0),(210,'karenbaer@aol.com',0,'2faa166946f188e0f70ff5a6c87961b398c0d9db','239871713186600.85013545026257',0),(211,'janecb1@comcast.net',0,'0560cccd3e63f8f2570c7e78239a64afbd53eb40','239871711741200.302893268084388',0),(212,'conniebrennand@hotmail.com',0,'14e93bde2d200092d291eca1d5dcff9d10fb28e4','238967578511200.543968924920142',1),(213,'dconnor14@comcast.net',0,'c7703e19ba7f40c33ff3043912972320877a5990','239871708850400.810148757729509',0),(214,'lynnkedwards@gmail.com',0,'5a00a0d5405f08bb32573d67e6c506af36b1ef7d','236048885004400.408683032325188',0),(215,'suellenesl@adelphia.net',0,'b4df970433236e087b864d3d6abd69c009cc2808','239871719533800.192180520248748',0),(216,'gerry@feinsteins.net',0,'aaae190e8e1ff7ac688b9ea640dfdb148c9f0c59','239871717853800.812936907682542',0),(217,'groth.r@gmail.com',0,'10ec5447358b204310e379acec805bb3b1739d39','235701772774200.965001786786733',0),(218,'joan.hendricks@sbcglobal.net',0,'28154286c9285717c2868eb73189181ec8c5c8c4','235701769079000.339600211374657',0),(219,'susanj@whidbey.net',0,'99fa231bd88748a15161f09a9fa7c34f87caaec8','235701767630200.806061147917022',0),(220,'giulia_johnson@hotmail.com',0,'5d62c4257cf5f8e4887cad77404a4c0a388bd312','235701766184800.76415861483445',0),(221,'kaisse@u.washington.edu',0,'1b9123bbe49b3ebfc52097febc329ce78cc55189','235701764739400.524135534230409',0),(222,'cbmoss.1@gmail.com',0,'62574805d95f4d2d5a8705142a1889191d34ee3b','238599604728400.807399199248317',0),(223,'nissanih@msn.com',0,'ae68ab45ba3900f32c30280af030946e1b5436d2','235701771676800.0648506759927221',0),(224,'minerva@laffalotfarm.com',0,'8a122ac3b7f987ae0440b0643aaee6c406529b46','235701769995000.285774423795562',0),(225,'joannap@msn.com',0,'4f560245cb567fa1e4d00045cd33336e9cbb2902','234820001634000.990543103139549',0),(226,'cschatz68@verizon.net',0,'55d19c5c0f5209c54a76a8fd1827e285c22e7ed0','234819997942200.61291173946255',0),(227,'tjerandsen@comcast.net',0,'5276e9d615d48fdd1c42c8db30980d3668b084f4','234819996496800.907154137782289',0),(228,'grammarworks@msn.com',0,'3bf93ab82dfa9120de0705de62148ef0eef4d5e8','234819995051400.438748048466872',0),(229,'presto@gci.net',0,'d1678669f39e284ecc6352f15465b09d3d72505f','234819993606000.877433383753124',0),(230,'johnt.coleman@qwest.net',0,'4df78d2d0ec3439e627cfedea49ce8ce23fc823b','234819989826000.0948861326162425',0),(231,'russjon@earthlink.net',0,'b3c5ff74fb14a53d0df982a7e2553390d5cd5141','234820002418800.711904717326074',0),(232,'bruce@oz.net',0,'97ef0c8fe5c301d95c7ffd3a7a5b60abe6418bf3','234819998830000.776351712372305',0),(233,'bblock_wa@msn.com',0,'9f5be01f8215cd9489d12793b5290e0e5219f2ff','238173289035000.316673817372502',0),(234,'georg2@blarg.net',0,'cf35b9dc96c8eac87ecdc891aaac9dbc3dd28f11','235967792128600.479896810861416',0),(235,'nhamlin11@msn.com',0,'1b813fd95bc4fc2176253b77dc329b353a4a307b','235967787745200.320170580255453',0),(236,'d.n.johnson@comcast.net',0,'eba0748c00387e48cb06e337663f6b1569c92b0d','235967799684000.639290901937782',0),(237,'mark_a_johnson@comcast.net',0,'570757a42de109a2929c2d8ce383ae0c2ad89730','237302843006400.415804107881141',0),(238,'merrellgroup@comcast.net',0,'d8f1e5e8a0ff06069a7f2319bb75942d2b5ece16','238099330540400.953699301583644',0),(239,'yahmus@aol.com',0,'fdb8cc81b37fc340ca5b0fb0252f11d95b333f32','238391690281400.268591572323752',0),(240,'rskillman@mac.com',0,'2e9309e88361fed3633d3b12d7e04fb2531d1069','237917214068600.627288038925854',0),(241,'harlan@seanet.com',0,'0f9e78fb425af395b4606e2b5c6584a6513a584f','238099325403000.891217959454541',0),(242,'ideanet@budget.net',0,'e6e4a2862e5f3a2c8be2da6a975e059f20f8ccdc','238099323957600.229486390513154',0),(243,'rlufb@yahoo.com',0,'ab80891e7a6ef63e21c7269d8f7a76d861b0cafe','238099322512200.833258464123',0),(244,'shez98043@yahoo.com',0,'34cfd9dc1428d3f0be00d20f02f733dcd3da49d8','238099321066800.472664679882465',0),(246,'chrisworswick@gmail.com',0,'0c85a24f527f3c97f6206d69d4d2b17796db803a','236881617203600.813520892357378',0),(247,'csutton506@comcast.net',0,'4b14f74e94962f7d13ad749c921e78a4b24ae277','236114630842600.687829465327415',0),(248,'flutetunes@charter.net',0,'3db0f0e01248e3d4698cc0a6d5e579edbe695980','238534195555600.583340229970857',0),(249,'donnam2L@gmail.com',0,'ed02d9ede5f49d90e4cc5f27063868ffbe7498b5','239820785850600.385526565299931',0),(250,'kirkfay@hotmail.com',0,'7e5f59261224380ed8d58d54c1e6d1662cc0f3cc','236439339649600.596420520651735',0),(251,'kayehenson@shaw.ca',0,'ea14308d2845f08b0648a3edcc0bda0d38be124d','238570588731800.323100564954461',0),(252,'rumiviolin@yahoo.com',0,'d48fffe8e595b95ec1623a83a78e5771c787bb8d','236601606334600.144897525112047',0),(253,'eklobas@comcast.net',0,'6f4f013534f876897925b2b3a65e55cc9f50cad2','236931135994000.800289435281995',0),(254,'mcilb@earthlink.net',0,'aeea388e4bbc301382175e9ba89f073056c95079','235208619724200.408516507356116',0),(255,'robinson.carol@cebridge.net',0,'af5a797ce6f58596b47f248651bb67031054c3ad','235892989056600.571804594834683',0),(256,'mcoon337@msn.com',0,'2c889b0100ad2432022685c058befe3b2eb77e25','237089387055000.250919952038508',0),(257,'marty.deer@verizon.net',0,'ad5850daf8edc8b3a28779a98be91e2504270370','238666267974800.494915937706251',0),(258,'byrdwoman@comcast.net',0,'d8171a006cc20343520843e4e06891264430f89c','239104280439600.796449101021427',0),(260,'ppannell@chickboss.com',0,'d9b85420d281600496cc56788e6c83d9825bda39','238882438705400.583046654380827',0),(261,'june.hiratsuka@comcast.net',1,'104aaa39724869f12ec4c1248473ed12c9025aae','236321779147200.128864301813454',1),(262,'rumeifurman@post.harvard.edu',0,'4be8232b4a1675aaa0cad00dc79e7b5d50f1d85c','236823811655400.182961401890129',1),(263,'juliet218@yahoo.com',0,'3713f1371c1b32bf4ba5c1211b5baa2f41e1d0a6','236574139940800.0365377514090465',0),(264,'tempovivo@shaw.ca',0,'e6d06b4f67844ae1ef18f5a10dacbfa04c12eec8','235585940292600.961894317357913',0),(265,'aivers@nmc.edu',0,'cf16ddf4467edbc32fce6897f6fa6082b81008e7','239377230952800.482688527180314',0),(266,'geoffmanasse@gmail.com',0,'dfbf06fa006221ee1d1d541a44a1fa06b1d5a330','237641417874600.832507574903195',0),(267,'dmilligan9@msn.com',0,'55a7706f6acd05a40c7c21a172bce70eb2494aa4','237762603226400.0375816526240251',0),(268,'kb7tqw@msn.com',0,'ad5b5b2ef4b3c5fcae1369826c223fc7540d9cdc','236998117168800.677717950067939',0),(269,'joannevscott@yahoo.com',0,'44175be4ea057bf1f386926c628990422a7242d0','238039584565600.105333582278679',0),(270,'tnvidlak@verizon.net',0,'f7a4715e91df5863ccc1a75993ee8753fafda432','236982095418800.732932313226537',0),(271,'valkava@hotmail.com',0,'238e33d09708268695d75cf5edd1ff089fd5a6e3','237353918876000.75545514050196',0),(272,'ronkny@gmail.com',0,'e298e838941e3ff1198f0f21c91ac04f00dde3b6','235762713904800.216736133906497',0),(273,'ljohn1256@aol.com',0,'5063f3abd19b4601fd9ef540faf0a7f9e9c0ffbe','234969187296000.139203341940998',0),(274,'lofallwalls@netzero.net',0,'b9aca550254568e21b767037ce50edabdfe05e3f','238214548083200.571875922978419',0),(275,'k_bartlett@telus.net',0,'2cabeb9d206d97169583929b6d0353d636e80584','238292893224200.786285530777006',0),(276,'SUSAN@METALURGES.COM',0,'4c68afe6659a3215139b234918cab661adf8fcd2','237962403175600.671254411800324',0),(277,'ChrisH-M@att.net',0,'9a8e83298769ef89691ab04418052147c489ef35','234775752330800.499684824228825',0),(278,'hanks.steve@gmail.com',0,'ca4d88514c12f5926f64125f9c9ef6c515750065','239340226063800.0889656777706693',0),(279,'singer4life8701@yahoo.com',0,'97f1bb55b91579c33a0ca003b7200d7dd43f2a1f','238316087760200.86513039437612',0),(280,'betacopy1@msn.com',0,'db43cc41eb67f4479a1af5cdec59c7ff66763ae0','237402792277200.555386959531969',0),(281,'oarmstrong@sbcglobal.net',0,'2a2347c953649517aee1ce71a7a258e6405c3cef','239414513710400.647492427788731',0),(282,'BaconJr@msn.com',0,'d20359965dedb536550f51345caa21336b6dc283','237819027023200.349457594997085',0),(283,'bruce.lamott@sfuhs.org',0,'678403b3507256eccb30b73cb9748375b3b65990','235853700344400.838144349837557',0),(284,'summerlaw@sbcglobal.net',0,'debac755f6c8e9cf8828576821e7b28d6012ed23','238932283165400.141641835526265',0),(285,'jimwhitehead@comcast.net',0,'28eeab70839447cd473627fb87b7fc6d7657f0db','238034326444000.770752853116978',0),(286,'katrpm@cablespeed.com',0,'e91e58a89910426584a038cc60965b3919429fea','237840842932800.961666964559041',0),(287,'sledgesj@cet.com',0,'6e0669e2ffa4c7e02ea385fc13c8acb0d5d2c45e','237865812251200.966227676802612',0),(288,'valerie303@aol.com',0,'3906af2e2c93dd7793e59c7e840a1f1bbc5fec0d','235996948523400.405683671002279',0),(289,'karen@bearsmith.com',0,'4b6b9824f7145708d6e6aeddca1ef168b5f6f253','237637289416400.00393102771249487',0),(290,'barbclickner@gmail.com',0,'a5df4f856639421b2446d156651114d79d373bee','238865482075200.29465107386571',0),(291,'catcow@safeco.com',0,'04163b217ecea05fe861fdd0faecc7a7d7b524d6','238932341414400.138916887762828',0),(292,'ttlieu@hotmail.com',0,'f9e532f9e6d50a416b0a99380094d6d1b5b77784','234724337565000.261367138723794',0),(293,'ds_mansfield@msn.com',0,'a0f3b2e6b53e9dda7a8ad3a7901ce85accf1f12c','239743324146600.61420841081425',0),(294,'jembaa.cole@klgates.com',0,'b1ec49bd9af4aa67274a36adeba79cdffbe50204','235788255356600.289386972693906',0),(295,'carrickp@spamcop.net',0,'47e89fa6493a76c4e1f6c73a6b221fae1c094f0d','236645135948600.911663335269843',0),(296,'flyfishr@goldrush.com',0,'e834d2de9b17268e5396abda8012bc92b150e7a3','239453580235200.25634294133355',0),(297,'bc@remaxcreston.com',0,'50e120578aff2ad99a3eeffdcf8c92977af8a8d5','235414836982600.593130444231369',0),(298,'rmpilcher@verizon.net',0,'a75b065e6d29b7c22c2f2ff9d9c5db20406d95cd','235854570209000.675712887588458',0),(299,'mcorder@gmail.com',0,'bb7c395d19ae4e981f206c6ff7a42bc812d50e73','238835747525200.38260977857066',0),(300,'janv7@cableone.net',0,'c230b624147351f8c19203548e59f8b860c1849c','701173053257000.262863012937086',0),(301,'r_curtis@xplornet.com',0,'e427c3f48e46470df1f48b89113a84938dbe852b','238742218764800.956998851572898',0),(302,'gailbelanger@msn.com',0,'c7a287839a62ad0b5bf77149550aa9d834138bd5','236706168189000.238388765397386',0),(303,'KAMMERER1@COMCAST.NET',0,'34c818567380cc4b757c81c31d0dbbb3db81b881','702682726155200.974270744923233',0),(304,'brogers222@comcast.net',0,'cbda4386dc8166890ea8f8d466955c5e3364b20a','239968379559800.687050573479007',0),(305,'jveatch@earthlink.net',0,'a85eaed18aedfdbedaa468e485ce918aef8dcc5f','237440438467000.803975689500258',0),(306,'sawells@teleport.com',0,'8f0fcdf68be99ceabcbda39fa612ea72b09573f9','238032276516400.05446656102536',0),(307,'LAUREL101@MAC.COM',0,'393d528bc41a3a3851454b2d24a3bb20ba34442a','235220184365000.279768163185589',0),(308,'alisonm_r@yahoo.com',0,'3cb93e5baf901333b85aa851873f828a8ae2335c','238285504589600.272225465234628',0),(309,'rmbeck7@gmail.com',0,'76adf80ad2fc7cbfd9e00a3859df8633518b4f82','700924358336600.102593925419515',0);
/*!40000 ALTER TABLE `users` ENABLE KEYS */;
UNLOCK TABLES;
/*!40103 SET TIME_ZONE=@OLD_TIME_ZONE */;

/*!40101 SET SQL_MODE=@OLD_SQL_MODE */;
/*!40014 SET FOREIGN_KEY_CHECKS=@OLD_FOREIGN_KEY_CHECKS */;
/*!40014 SET UNIQUE_CHECKS=@OLD_UNIQUE_CHECKS */;
/*!40101 SET CHARACTER_SET_CLIENT=@OLD_CHARACTER_SET_CLIENT */;
/*!40101 SET CHARACTER_SET_RESULTS=@OLD_CHARACTER_SET_RESULTS */;
/*!40101 SET COLLATION_CONNECTION=@OLD_COLLATION_CONNECTION */;
/*!40111 SET SQL_NOTES=@OLD_SQL_NOTES */;

-- Dump completed on 2008-12-23  7:00:05
